rain_01,rain_02,rain_03,rain_04,rain_05,rain_06,rain_07,rain_08,rain_09,rain_10,rain_11,rain_12,rain_13,rain_14,rain_15,elevation,slope,dist_to_river,label
5.914999812841415,3.7049999833107,15.599999703466892,77.54999861586839,48.0849987231195,15.819999539293349,19.829999450594187,12.214999719522892,1.559999942779541,93.08499698340891,85.58499828726053,55.90499835833907,3.324999962002039,0.1049999967217445,2.459999917075038,46,8.434460639953613,13930.37329004503,0
1.6299999775364995,4.489999949932098,49.09499913454056,26.719999155960977,13.549999743700027,17.644999464973807,31.22499937005341,14.979999769479036,2.2649999484419823,83.23499834537506,131.1899970471859,84.39499805867672,14.554999594576657,5.894999794661999,1.1699999812990427,12,0.9432486295700072,13146.436779599257,0
0.1349999904632568,0.0,12.499999706633387,14.664999623782933,6.619999775663018,39.324999143369496,4.794999876059592,15.81999958306551,11.519999934360383,91.62499766051768,170.07999601960182,88.88999731838703,15.039999544620514,3.7199999149888754,2.2649999232962728,11,2.64296555519104,3481.163598568732,0
0.9149999665096402,10.024999774992466,25.40499931573868,54.314999386668205,27.379999242722988,14.724999805912375,29.079999428242445,17.0849996432662,3.9099998865276575,100.60499780625103,110.02499678730965,67.47999823093414,5.699999783188105,9.489999637007712,1.9649999290704727,112,7.3788604736328125,12967.011991974096,0
0.464999983087182,0.0,33.609999388456345,25.21499954815954,10.834999799728394,29.979999544098973,5.62499984819442,16.21999946795404,1.3999999687075615,83.7399981468916,158.61499631404877,92.7449980378151,25.97499928623438,1.9949999274685977,5.234999760985375,31,4.15418004989624,11373.521881985367,0
3.4899999536573887,8.074999932199717,55.8549988232553,29.359999127686024,9.159999769181011,12.98999970406294,15.20999991055578,10.064999691210687,5.554999924264848,82.64499831199646,124.34999716281892,99.3199981721118,11.789999790489674,3.0899998992681503,2.9099999144673347,178,20.07817840576172,1064.048871058092,0
0.1999999955296516,0.0,27.579999309033155,20.20999930705875,11.274999603629112,36.50999907031655,6.29999977722764,17.829999540001154,5.544999832287431,86.48999812453985,177.05999505519867,89.6649977536872,14.034999651834369,3.319999974220991,2.969999933615327,13,0.0,800.49984384758,0
0.179999990388751,1.829999953508377,32.339999333024025,46.26999911479652,15.929999481886624,22.52499930933118,11.739999607205393,13.324999619275331,4.98499983176589,63.95499865710735,98.37499797344208,75.52999862283468,19.394999695010483,4.639999859966338,4.624999881722033,920,14.03769874572754,2406.7405344157896,0
1.2099999831989408,1.0599999651312828,29.339999362826347,35.41999903321266,20.929999481886625,18.849999444559216,28.46999967470765,14.269999580457808,1.6849999725818634,89.54499815404415,124.12999773025513,91.05999806523324,10.634999693371356,4.929999887943268,0.7949999701231718,25,3.3584837913513184,21765.7184581626,0
0.464999983087182,0.0,33.609999388456345,25.21499954815954,10.834999799728394,29.979999544098973,5.62499984819442,16.21999946795404,1.3999999687075615,83.7399981468916,158.61499631404877,92.7449980378151,25.97499928623438,1.9949999274685977,5.234999760985375,28,2.100038290023804,13139.760271785784,0
1.6299999775364995,4.489999949932098,49.09499913454056,26.719999155960977,13.549999743700027,17.644999464973807,31.22499937005341,14.979999769479036,2.2649999484419823,83.23499834537506,131.1899970471859,84.39499805867672,14.554999594576657,5.894999794661999,1.1699999812990427,6,2.643962383270264,11148.421412917614,0
0.4799999818205833,1.9499999284744265,42.98499861173332,15.154999777674677,3.079999908804893,25.349999661557376,7.754999768920243,13.574999453499911,8.509999888949096,80.81999841332436,147.48499682545662,100.33999712765215,16.249999698251486,1.8549999492242928,0.7199999922886491,7,4.195643901824951,1917.1854370404549,0
1.6299999775364995,4.489999949932098,49.09499913454056,26.719999155960977,13.549999743700027,17.644999464973807,31.22499937005341,14.979999769479036,2.2649999484419823,83.23499834537506,131.1899970471859,84.39499805867672,14.554999594576657,5.894999794661999,1.1699999812990427,104,4.707022190093994,9924.87783300127,0
3.4899999536573887,8.074999932199717,55.8549988232553,29.359999127686024,9.159999769181011,12.98999970406294,15.20999991055578,10.064999691210687,5.554999924264848,82.64499831199646,124.34999716281892,99.3199981721118,11.789999790489674,3.0899998992681503,2.9099999144673347,58,10.302923202514648,666.1080993352356,0
3.564999796450138,11.414999866858125,41.374998703598976,39.98499927669764,4.784999907016754,21.05499951913953,18.394999584183097,11.829999767243862,4.074999880976975,70.9849983714521,136.5349966287613,84.22499760240316,18.46499966178089,11.694999769330025,7.079999742098153,424,30.82544708251953,9121.77614283534,0
0.1999999955296516,0.0,27.579999309033155,20.20999930705875,11.274999603629112,36.50999907031655,6.29999977722764,17.829999540001154,5.544999832287431,86.48999812453985,177.05999505519867,89.6649977536872,14.034999651834369,3.319999974220991,2.969999933615327,0,6.729446887969971,2409.169981549662,0
3.4899999536573887,8.074999932199717,55.8549988232553,29.359999127686024,9.159999769181011,12.98999970406294,15.20999991055578,10.064999691210687,5.554999924264848,82.64499831199646,124.34999716281892,99.3199981721118,11.789999790489674,3.0899998992681503,2.9099999144673347,208,10.30356788635254,1142.3659658795864,0
1.4950000094249845,0.25,70.22999874129891,26.3899998255074,4.939999893307686,18.724999403581023,19.749999311752617,10.789999786764383,6.149999955669045,78.3849988207221,149.22999614477158,84.2349982559681,21.72999945655465,4.334999909624457,0.1899999976158142,4,3.380171298980713,2730.6592610576663,0
1.4950000094249845,0.25,70.22999874129891,26.3899998255074,4.939999893307686,18.724999403581023,19.749999311752617,10.789999786764383,6.149999955669045,78.3849988207221,149.22999614477158,84.2349982559681,21.72999945655465,4.334999909624457,0.1899999976158142,7,1.3228645324707031,1475.8048651498614,0
0.9450000021606684,3.434999853372574,69.47499806433916,20.19999949913472,3.299999882467091,20.964999715797603,16.414999606087804,10.00499976053834,10.049999583512545,71.14999805390835,143.64999637007713,98.83499819040298,18.24999938905239,2.454999979585409,0.1950000021606683,19,3.9621431827545166,9004.99861188218,0
0.1349999904632568,0.0,12.499999706633387,14.664999623782933,6.619999775663018,39.324999143369496,4.794999876059592,15.81999958306551,11.519999934360383,91.62499766051768,170.07999601960182,88.88999731838703,15.039999544620514,3.7199999149888754,2.2649999232962728,11,2.9351844787597656,2535.843055080499,0
0.8700000010430813,2.83499988168478,28.43499935232103,44.05999930202961,6.8899997593835,20.399999354965985,18.15999935939908,14.83999965712428,1.9699999205768108,67.5449982881546,99.50999799370766,73.61999813653529,17.239999561570585,3.6249998938292265,5.804999891668558,873,2.7802884578704834,420.0,0
1.6299999775364995,4.489999949932098,49.09499913454056,26.719999155960977,13.549999743700027,17.644999464973807,31.22499937005341,14.979999769479036,2.2649999484419823,83.23499834537506,131.1899970471859,84.39499805867672,14.554999594576657,5.894999794661999,1.1699999812990427,16,1.322812795639038,13664.860043191076,0
0.96499998960644,6.125,52.26499863527715,21.36999960057437,5.329999882727861,17.919999529607594,20.334999510087076,12.949999619275331,3.38999992236495,76.89999839663506,146.05999666452408,97.38499760627748,23.024999444372952,0.7849999833852053,0.7099999897181988,16,3.378990888595581,16085.735917265332,0
0.464999983087182,0.0,33.609999388456345,25.21499954815954,10.834999799728394,29.979999544098973,5.62499984819442,16.21999946795404,1.3999999687075615,83.7399981468916,158.61499631404877,92.7449980378151,25.97499928623438,1.9949999274685977,5.234999760985375,15,5.626070022583008,15387.689885099711,0
1.454999971203506,0.0,56.624998464249074,19.459999420680106,5.534999786876142,19.259999653324485,8.739999869838357,17.884999565780163,1.7349999565631151,90.14499779045582,149.77499732375145,96.41499831527472,20.48499973211437,0.7349999863654375,2.034999960102141,17,5.713654518127441,12390.98059073615,0
2.169999949634075,5.159999867901206,29.15499943122268,41.99999884516001,7.6399998646229506,23.264999579638243,18.549999598413702,14.679999761283398,2.0849999859929085,71.26999790966511,128.38999766111374,79.31499820202589,15.059999823570251,4.454999886453152,7.034999901428819,499,12.024209976196287,751.7978451685001,0
1.1099999845027924,2.299999937415123,21.39999944344163,52.22999897226691,32.154998956248164,18.78499966207892,15.52999968919903,12.67499977350235,2.994999905116856,91.38499776273966,100.44499784708024,81.26999783609062,7.574999794363975,0.9549999833106996,7.259999795816839,92,7.994081974029541,9361.970946333897,0
1.2099999831989408,1.0599999651312828,29.339999362826347,35.41999903321266,20.929999481886625,18.849999444559216,28.46999967470765,14.269999580457808,1.6849999725818634,89.54499815404415,124.12999773025513,91.05999806523324,10.634999693371356,4.929999887943268,0.7949999701231718,121,13.493524551391602,21946.737798588656,0
1.4950000094249845,0.25,70.22999874129891,26.3899998255074,4.939999893307686,18.724999403581023,19.749999311752617,10.789999786764383,6.149999955669045,78.3849988207221,149.22999614477158,84.2349982559681,21.72999945655465,4.334999909624457,0.1899999976158142,10,4.197928428649902,2375.310506018108,0
5.330000042915344,11.514999724924564,45.39499876648188,27.739999163895845,6.089999784715474,13.969999719411136,14.254999827593563,12.74499964620918,5.999999798834324,89.81999780610204,133.44999712705612,89.32499780505896,20.97499981429428,6.994999758899212,3.669999983161688,145,13.629535675048828,5641.276451300717,0
1.4450000077486038,5.9949998408555984,58.44499818235636,30.804999326355755,6.424999833106995,18.969999758526683,23.634999439120293,10.67499978095293,2.4599998965859413,69.51499853283167,147.8749977350235,81.4599983394146,18.779999759048223,4.139999814331532,0.8099999744445086,16,2.080252170562744,13799.608690104224,0
0.1349999904632568,0.0,12.499999706633387,14.664999623782933,6.619999775663018,39.324999143369496,4.794999876059592,15.81999958306551,11.519999934360383,91.62499766051768,170.07999601960182,88.88999731838703,15.039999544620514,3.7199999149888754,2.2649999232962728,11,1.3220213651657104,676.8308503607087,0
5.444999858736992,4.329999953508377,25.829999282956123,70.9799986872822,29.499999433755875,14.254999565891922,25.63999940827489,13.069999652914705,5.254999836906791,98.53499687463044,94.66499811876564,68.40499864518642,2.9599999245256186,2.6099999621510506,2.760000001639128,85,6.532251834869385,9790.117466098149,0
3.564999796450138,11.414999866858125,41.374998703598976,39.98499927669764,4.784999907016754,21.05499951913953,18.394999584183097,11.829999767243862,4.074999880976975,70.9849983714521,136.5349966287613,84.22499760240316,18.46499966178089,11.694999769330025,7.079999742098153,454,8.621472358703613,8979.02555960278,0
0.96499998960644,6.125,52.26499863527715,21.36999960057437,5.329999882727861,17.919999529607594,20.334999510087076,12.949999619275331,3.38999992236495,76.89999839663506,146.05999666452408,97.38499760627748,23.024999444372952,0.7849999833852053,0.7099999897181988,16,4.627367496490479,13425.96365256513,0
0.4799999818205833,1.9499999284744265,42.98499861173332,15.154999777674677,3.079999908804893,25.349999661557376,7.754999768920243,13.574999453499911,8.509999888949096,80.81999841332436,147.48499682545662,100.33999712765215,16.249999698251486,1.8549999492242928,0.7199999922886491,11,3.8221960067749023,2419.6074061715053,0
9.434999763965608,17.099999519996345,31.82999912276864,45.86499884724617,23.67999954707921,16.904999654740095,24.45999947655946,19.80999942868948,2.149999968707561,88.70999884605408,115.59499633312224,76.55499786138535,12.619999647140505,10.449999786913397,1.0499999606981874,108,3.9637372493743896,23582.38537552976,0
2.4599998937919736,1.6299999505281448,48.83499883115292,27.65499935299158,21.894999419339,19.079999521374702,29.53499932959676,14.55499972961843,3.269999846816063,83.30999729037285,114.55499777197838,78.964998036623,10.634999782778324,4.33499982021749,0.5499999858438969,367,31.578632354736328,4108.357335967747,0
1.4450000077486038,5.9949998408555984,58.44499818235636,30.804999326355755,6.424999833106995,18.969999758526683,23.634999439120293,10.67499978095293,2.4599998965859413,69.51499853283167,147.8749977350235,81.4599983394146,18.779999759048223,4.139999814331532,0.8099999744445086,9,0.9433395862579346,6903.716390466804,0
1.4450000077486038,5.9949998408555984,58.44499818235636,30.804999326355755,6.424999833106995,18.969999758526683,23.634999439120293,10.67499978095293,2.4599998965859413,69.51499853283167,147.8749977350235,81.4599983394146,18.779999759048223,4.139999814331532,0.8099999744445086,10,6.464860916137695,13663.476863521964,0
0.179999990388751,1.829999953508377,32.339999333024025,46.26999911479652,15.929999481886624,22.52499930933118,11.739999607205393,13.324999619275331,4.98499983176589,63.95499865710735,98.37499797344208,75.52999862283468,19.394999695010483,4.639999859966338,4.624999881722033,864,7.498170852661133,1618.054387219416,0
0.7699999697506428,5.32999986410141,52.12999873235822,34.70999921485782,12.779999762773514,17.179999381303787,27.51999955624342,17.474999494850636,1.2049999833106997,82.36499762535095,139.8949971795082,80.69999772310257,12.789999708533289,3.729999923147261,0.5349999815225601,20,7.467432975769043,11160.40321852217,0
5.914999812841415,3.7049999833107,15.599999703466892,77.54999861586839,48.0849987231195,15.819999539293349,19.829999450594187,12.214999719522892,1.559999942779541,93.08499698340891,85.58499828726053,55.90499835833907,3.324999962002039,0.1049999967217445,2.459999917075038,59,5.462286472320557,16833.8765588916,0
3.259999867528677,1.26999993622303,57.47999848797917,22.55999954789877,5.789999885484576,18.71999965701252,9.769999727606772,13.689999744296074,2.334999907761812,82.06999769806862,142.44999599456787,96.0099972859025,18.199999883770943,0.5999999782070518,2.6649999441578984,25,1.3222606182098389,14632.621091246778,0
5.444999858736992,4.329999953508377,25.829999282956123,70.9799986872822,29.499999433755875,14.254999565891922,25.63999940827489,13.069999652914705,5.254999836906791,98.53499687463044,94.66499811876564,68.40499864518642,2.9599999245256186,2.6099999621510506,2.760000001639128,169,10.893397331237791,11520.66404336139,0
1.4950000094249845,0.25,70.22999874129891,26.3899998255074,4.939999893307686,18.724999403581023,19.749999311752617,10.789999786764383,6.149999955669045,78.3849988207221,149.22999614477158,84.2349982559681,21.72999945655465,4.334999909624457,0.1899999976158142,16,3.704791784286499,1786.4489917151286,0
3.564999796450138,11.414999866858125,41.374998703598976,39.98499927669764,4.784999907016754,21.05499951913953,18.394999584183097,11.829999767243862,4.074999880976975,70.9849983714521,136.5349966287613,84.22499760240316,18.46499966178089,11.694999769330025,7.079999742098153,175,20.849462509155277,9242.53212058254,0
1.454999971203506,0.0,56.624998464249074,19.459999420680106,5.534999786876142,19.259999653324485,8.739999869838357,17.884999565780163,1.7349999565631151,90.14499779045582,149.77499732375145,96.41499831527472,20.48499973211437,0.7349999863654375,2.034999960102141,-2,2.6434614658355717,12990.0,0
0.7450000066310167,3.004999889992177,41.589998967945576,26.039999252185225,12.41499961912632,28.7949992865324,6.174999850802124,18.75999940931797,2.5299999667331576,82.14499843120575,149.94999766349792,91.82499812543392,21.614999651908875,5.60999983549118,5.359999924898148,21,9.241700172424316,12810.386411033822,0
5.330000042915344,11.514999724924564,45.39499876648188,27.739999163895845,6.089999784715474,13.969999719411136,14.254999827593563,12.74499964620918,5.999999798834324,89.81999780610204,133.44999712705612,89.32499780505896,20.97499981429428,6.994999758899212,3.669999983161688,32,3.37853479385376,11932.648490590847,0
1.4450000077486038,5.9949998408555984,58.44499818235636,30.804999326355755,6.424999833106995,18.969999758526683,23.634999439120293,10.67499978095293,2.4599998965859413,69.51499853283167,147.8749977350235,81.4599983394146,18.779999759048223,4.139999814331532,0.8099999744445086,3,0.9434743523597716,7479.090853840458,0
3.259999867528677,1.26999993622303,57.47999848797917,22.55999954789877,5.789999885484576,18.71999965701252,9.769999727606772,13.689999744296074,2.334999907761812,82.06999769806862,142.44999599456787,96.0099972859025,18.199999883770943,0.5999999782070518,2.6649999441578984,13,3.7653090953826895,10119.387333233171,0
0.1999999955296516,0.0,27.579999309033155,20.20999930705875,11.274999603629112,36.50999907031655,6.29999977722764,17.829999540001154,5.544999832287431,86.48999812453985,177.05999505519867,89.6649977536872,14.034999651834369,3.319999974220991,2.969999933615327,23,6.532033920288086,4256.195484232368,0
5.330000042915344,11.514999724924564,45.39499876648188,27.739999163895845,6.089999784715474,13.969999719411136,14.254999827593563,12.74499964620918,5.999999798834324,89.81999780610204,133.44999712705612,89.32499780505896,20.97499981429428,6.994999758899212,3.669999983161688,63,10.292279243469238,8724.018569443786,0
0.1999999955296516,0.0,27.579999309033155,20.20999930705875,11.274999603629112,36.50999907031655,6.29999977722764,17.829999540001154,5.544999832287431,86.48999812453985,177.05999505519867,89.6649977536872,14.034999651834369,3.319999974220991,2.969999933615327,13,2.642987966537476,6161.184950965196,0
1.354999952018261,2.934999890625477,52.55999870970845,21.6599995540455,6.1349998051300645,14.814999550580978,23.92999942228198,15.724999763071535,3.354999929666519,91.64999756217004,135.54999741911888,88.08999839425087,18.80499968212098,2.749999903142452,0.9299999829381704,555,7.61090087890625,3427.0978976387587,0
3.4899999536573887,8.074999932199717,55.8549988232553,29.359999127686024,9.159999769181011,12.98999970406294,15.20999991055578,10.064999691210687,5.554999924264848,82.64499831199646,124.34999716281892,99.3199981721118,11.789999790489674,3.0899998992681503,2.9099999144673347,539,3.822312355041504,3545.588808646598,0
0.4799999818205833,1.9499999284744265,42.98499861173332,15.154999777674677,3.079999908804893,25.349999661557376,7.754999768920243,13.574999453499911,8.509999888949096,80.81999841332436,147.48499682545662,100.33999712765215,16.249999698251486,1.8549999492242928,0.7199999922886491,6,2.97423791885376,465.7252408878008,0
0.1349999904632568,0.0,12.499999706633387,14.664999623782933,6.619999775663018,39.324999143369496,4.794999876059592,15.81999958306551,11.519999934360383,91.62499766051768,170.07999601960182,88.88999731838703,15.039999544620514,3.7199999149888754,2.2649999232962728,7,1.3221778869628906,1405.2046114356444,0
0.7699999697506428,5.32999986410141,52.12999873235822,34.70999921485782,12.779999762773514,17.179999381303787,27.51999955624342,17.474999494850636,1.2049999833106997,82.36499762535095,139.8949971795082,80.69999772310257,12.789999708533289,3.729999923147261,0.5349999815225601,24,4.679447174072266,16979.52296149689,0
1.454999971203506,0.0,56.624998464249074,19.459999420680106,5.534999786876142,19.259999653324485,8.739999869838357,17.884999565780163,1.7349999565631151,90.14499779045582,149.77499732375145,96.41499831527472,20.48499973211437,0.7349999863654375,2.034999960102141,6,4.627367496490479,13431.8613751036,0
5.330000042915344,11.514999724924564,45.39499876648188,27.739999163895845,6.089999784715474,13.969999719411136,14.254999827593563,12.74499964620918,5.999999798834324,89.81999780610204,133.44999712705612,89.32499780505896,20.97499981429428,6.994999758899212,3.669999983161688,33,0.0,9227.767877444689,0
5.444999858736992,4.329999953508377,25.829999282956123,70.9799986872822,29.499999433755875,14.254999565891922,25.63999940827489,13.069999652914705,5.254999836906791,98.53499687463044,94.66499811876564,68.40499864518642,2.9599999245256186,2.6099999621510506,2.760000001639128,41,6.730240821838379,13244.413916817912,0
0.96499998960644,6.125,52.26499863527715,21.36999960057437,5.329999882727861,17.919999529607594,20.334999510087076,12.949999619275331,3.38999992236495,76.89999839663506,146.05999666452408,97.38499760627748,23.024999444372952,0.7849999833852053,0.7099999897181988,8,7.046305179595947,17127.26773306239,0
0.1349999904632568,0.0,12.499999706633387,14.664999623782933,6.619999775663018,39.324999143369496,4.794999876059592,15.81999958306551,11.519999934360383,91.62499766051768,170.07999601960182,88.88999731838703,15.039999544620514,3.7199999149888754,2.2649999232962728,15,2.973018884658813,2448.26469157238,0
2.4599998937919736,1.6299999505281448,48.83499883115292,27.65499935299158,21.894999419339,19.079999521374702,29.53499932959676,14.55499972961843,3.269999846816063,83.30999729037285,114.55499777197838,78.964998036623,10.634999782778324,4.33499982021749,0.5499999858438969,140,20.792125701904297,3978.592716024097,0
0.179999990388751,1.829999953508377,32.339999333024025,46.26999911479652,15.929999481886624,22.52499930933118,11.739999607205393,13.324999619275331,4.98499983176589,63.95499865710735,98.37499797344208,75.52999862283468,19.394999695010483,4.639999859966338,4.624999881722033,826,7.274475574493408,2457.986981251121,0
0.0299999993294477,1.2049999609589577,22.744999633170664,63.89499869942665,12.5549997119233,25.864999658428133,8.749999836087227,12.089999655261636,6.384999858215451,52.95499884337187,86.17499855160713,57.76499862223864,19.014999483712018,4.244999890215695,3.224999883212149,1088,5.8551411628723145,2410.8504723437327,0
2.4599998937919736,1.6299999505281448,48.83499883115292,27.65499935299158,21.894999419339,19.079999521374702,29.53499932959676,14.55499972961843,3.269999846816063,83.30999729037285,114.55499777197838,78.964998036623,10.634999782778324,4.33499982021749,0.5499999858438969,40,1.3228018283843994,6691.883143032311,0
0.1999999955296516,0.0,27.579999309033155,20.20999930705875,11.274999603629112,36.50999907031655,6.29999977722764,17.829999540001154,5.544999832287431,86.48999812453985,177.05999505519867,89.6649977536872,14.034999651834369,3.319999974220991,2.969999933615327,30,4.194727420806885,5466.671747965118,0
0.4099999964237213,1.389999970793724,35.58499903231859,46.0699987411499,22.419999677687883,19.284999516792595,24.469999637454748,12.939999676309526,1.66499999538064,89.35499835759401,105.85999783873558,84.45499789714813,7.10499978531152,0.7899999842047691,5.9149998454377055,51,12.121015548706056,5550.729681762569,0
5.444999858736992,4.329999953508377,25.829999282956123,70.9799986872822,29.499999433755875,14.254999565891922,25.63999940827489,13.069999652914705,5.254999836906791,98.53499687463044,94.66499811876564,68.40499864518642,2.9599999245256186,2.6099999621510506,2.760000001639128,69,7.437666893005371,8325.581060802904,0
5.914999812841415,3.7049999833107,15.599999703466892,77.54999861586839,48.0849987231195,15.819999539293349,19.829999450594187,12.214999719522892,1.559999942779541,93.08499698340891,85.58499828726053,55.90499835833907,3.324999962002039,0.1049999967217445,2.459999917075038,74,4.709235668182373,14851.09086902373,0
1.454999971203506,0.0,56.624998464249074,19.459999420680106,5.534999786876142,19.259999653324485,8.739999869838357,17.884999565780163,1.7349999565631151,90.14499779045582,149.77499732375145,96.41499831527472,20.48499973211437,0.7349999863654375,2.034999960102141,18,2.6431474685668945,8162.701758609093,0
0.96499998960644,6.125,52.26499863527715,21.36999960057437,5.329999882727861,17.919999529607594,20.334999510087076,12.949999619275331,3.38999992236495,76.89999839663506,146.05999666452408,97.38499760627748,23.024999444372952,0.7849999833852053,0.7099999897181988,7,3.767199993133545,16703.42779192343,0
2.4599998937919736,1.6299999505281448,48.83499883115292,27.65499935299158,21.894999419339,19.079999521374702,29.53499932959676,14.55499972961843,3.269999846816063,83.30999729037285,114.55499777197838,78.964998036623,10.634999782778324,4.33499982021749,0.5499999858438969,101,13.678385734558104,5106.1727350335495,0
0.96499998960644,6.125,52.26499863527715,21.36999960057437,5.329999882727861,17.919999529607594,20.334999510087076,12.949999619275331,3.38999992236495,76.89999839663506,146.05999666452408,97.38499760627748,23.024999444372952,0.7849999833852053,0.7099999897181988,56,8.265918731689453,15349.74266885279,0
3.564999796450138,11.414999866858125,41.374998703598976,39.98499927669764,4.784999907016754,21.05499951913953,18.394999584183097,11.829999767243862,4.074999880976975,70.9849983714521,136.5349966287613,84.22499760240316,18.46499966178089,11.694999769330025,7.079999742098153,98,6.822315216064453,8872.395392451803,0
5.914999812841415,3.7049999833107,15.599999703466892,77.54999861586839,48.0849987231195,15.819999539293349,19.829999450594187,12.214999719522892,1.559999942779541,93.08499698340891,85.58499828726053,55.90499835833907,3.324999962002039,0.1049999967217445,2.459999917075038,78,4.657065391540527,18288.19291236835,0
2.4599998937919736,1.6299999505281448,48.83499883115292,27.65499935299158,21.894999419339,19.079999521374702,29.53499932959676,14.55499972961843,3.269999846816063,83.30999729037285,114.55499777197838,78.964998036623,10.634999782778324,4.33499982021749,0.5499999858438969,36,4.721734523773193,5394.163512538344,0
0.96499998960644,6.125,52.26499863527715,21.36999960057437,5.329999882727861,17.919999529607594,20.334999510087076,12.949999619275331,3.38999992236495,76.89999839663506,146.05999666452408,97.38499760627748,23.024999444372952,0.7849999833852053,0.7099999897181988,2,2.1008048057556152,17349.236294430946,0
0.1999999918043613,2.229999938979745,60.16499868780375,28.77999936416745,8.374999765306711,18.86499946564436,32.88999926485121,21.244999303482476,1.7299999622628093,74.91999852657318,149.07999622821808,82.01999807357788,20.46999940276146,15.969999508932233,0.0299999983981251,10,0.9436380863189696,3548.1262660734046,0
0.2299999902024865,0.8799999784678221,31.644999369978905,43.64499872922897,11.58999975770712,24.049999467097223,11.294999646022916,13.159999772906303,13.509999349713326,71.06999830901623,117.63499712944032,83.90999752748758,16.234999667853117,3.8549999082461,7.624999797903001,512,17.396507263183594,1461.0954794263105,0
0.4099999964237213,1.389999970793724,35.58499903231859,46.0699987411499,22.419999677687883,19.284999516792595,24.469999637454748,12.939999676309526,1.66499999538064,89.35499835759401,105.85999783873558,84.45499789714813,7.10499978531152,0.7899999842047691,5.9149998454377055,95,8.495366096496582,7702.700825035334,0
3.4899999536573887,8.074999932199717,55.8549988232553,29.359999127686024,9.159999769181011,12.98999970406294,15.20999991055578,10.064999691210687,5.554999924264848,82.64499831199646,124.34999716281892,99.3199981721118,11.789999790489674,3.0899998992681503,2.9099999144673347,424,21.24882698059082,3960.2272662058167,0
3.564999796450138,11.414999866858125,41.374998703598976,39.98499927669764,4.784999907016754,21.05499951913953,18.394999584183097,11.829999767243862,4.074999880976975,70.9849983714521,136.5349966287613,84.22499760240316,18.46499966178089,11.694999769330025,7.079999742098153,718,12.374210357666016,7006.653980324702,0
1.2099999831989408,1.0599999651312828,29.339999362826347,35.41999903321266,20.929999481886625,18.849999444559216,28.46999967470765,14.269999580457808,1.6849999725818634,89.54499815404415,124.12999773025513,91.05999806523324,10.634999693371356,4.929999887943268,0.7949999701231718,85,7.3788604736328125,3273.438559069041,0
0.2299999902024865,0.8799999784678221,31.644999369978905,43.64499872922897,11.58999975770712,24.049999467097223,11.294999646022916,13.159999772906303,13.509999349713326,71.06999830901623,117.63499712944032,83.90999752748758,16.234999667853117,3.8549999082461,7.624999797903001,349,29.57372283935547,4997.409328842296,0
0.7699999697506428,5.32999986410141,52.12999873235822,34.70999921485782,12.779999762773514,17.179999381303787,27.51999955624342,17.474999494850636,1.2049999833106997,82.36499762535095,139.8949971795082,80.69999772310257,12.789999708533289,3.729999923147261,0.5349999815225601,24,7.047131061553955,14320.05935741888,0
5.330000042915344,11.514999724924564,45.39499876648188,27.739999163895845,6.089999784715474,13.969999719411136,14.254999827593563,12.74499964620918,5.999999798834324,89.81999780610204,133.44999712705612,89.32499780505896,20.97499981429428,6.994999758899212,3.669999983161688,25,6.464860916137695,13098.461741746623,0
3.259999867528677,1.26999993622303,57.47999848797917,22.55999954789877,5.789999885484576,18.71999965701252,9.769999727606772,13.689999744296074,2.334999907761812,82.06999769806862,142.44999599456787,96.0099972859025,18.199999883770943,0.5999999782070518,2.6649999441578984,15,2.100268602371216,10015.91233987199,0
1.4450000077486038,5.9949998408555984,58.44499818235636,30.804999326355755,6.424999833106995,18.969999758526683,23.634999439120293,10.67499978095293,2.4599998965859413,69.51499853283167,147.8749977350235,81.4599983394146,18.779999759048223,4.139999814331532,0.8099999744445086,17,3.3803205490112305,10501.071373912282,0
0.1999999955296516,0.0,27.579999309033155,20.20999930705875,11.274999603629112,36.50999907031655,6.29999977722764,17.829999540001154,5.544999832287431,86.48999812453985,177.05999505519867,89.6649977536872,14.034999651834369,3.319999974220991,2.969999933615327,8,3.8771512508392334,4823.940298138027,0
0.1999999955296516,0.0,27.579999309033155,20.20999930705875,11.274999603629112,36.50999907031655,6.29999977722764,17.829999540001154,5.544999832287431,86.48999812453985,177.05999505519867,89.6649977536872,14.034999651834369,3.319999974220991,2.969999933615327,16,2.972738027572632,859.0692637965813,0
1.454999971203506,0.0,56.624998464249074,19.459999420680106,5.534999786876142,19.259999653324485,8.739999869838357,17.884999565780163,1.7349999565631151,90.14499779045582,149.77499732375145,96.41499831527472,20.48499973211437,0.7349999863654375,2.034999960102141,18,0.9274099469184875,7314.649684024519,0
0.96499998960644,6.125,52.26499863527715,21.36999960057437,5.329999882727861,17.919999529607594,20.334999510087076,12.949999619275331,3.38999992236495,76.89999839663506,146.05999666452408,97.38499760627748,23.024999444372952,0.7849999833852053,0.7099999897181988,9,2.1012067794799805,10707.940978544848,0
0.1999999918043613,2.229999938979745,60.16499868780375,28.77999936416745,8.374999765306711,18.86499946564436,32.88999926485121,21.244999303482476,1.7299999622628093,74.91999852657318,149.07999622821808,82.01999807357788,20.46999940276146,15.969999508932233,0.0299999983981251,13,2.101875305175781,3957.840320174628,0
0.9450000021606684,3.434999853372574,69.47499806433916,20.19999949913472,3.299999882467091,20.964999715797603,16.414999606087804,10.00499976053834,10.049999583512545,71.14999805390835,143.64999637007713,98.83499819040298,18.24999938905239,2.454999979585409,0.1950000021606683,9,2.100865125656128,2690.8177195789385,0
0.96499998960644,6.125,52.26499863527715,21.36999960057437,5.329999882727861,17.919999529607594,20.334999510087076,12.949999619275331,3.38999992236495,76.89999839663506,146.05999666452408,97.38499760627748,23.024999444372952,0.7849999833852053,0.7099999897181988,-1,4.993642330169678,13118.063881533735,0
0.0299999993294477,1.2049999609589577,22.744999633170664,63.89499869942665,12.5549997119233,25.864999658428133,8.749999836087227,12.089999655261636,6.384999858215451,52.95499884337187,86.17499855160713,57.76499862223864,19.014999483712018,4.244999890215695,3.224999883212149,591,17.129467010498047,2821.435804692356,0
2.4599998937919736,1.6299999505281448,48.83499883115292,27.65499935299158,21.894999419339,19.079999521374702,29.53499932959676,14.55499972961843,3.269999846816063,83.30999729037285,114.55499777197838,78.964998036623,10.634999782778324,4.33499982021749,0.5499999858438969,167,19.16397476196289,7182.290720932981,0
2.169999949634075,5.159999867901206,29.15499943122268,41.99999884516001,7.6399998646229506,23.264999579638243,18.549999598413702,14.679999761283398,2.0849999859929085,71.26999790966511,128.38999766111374,79.31499820202589,15.059999823570251,4.454999886453152,7.034999901428819,620,13.726563453674316,1587.734234687909,0
0.1999999918043613,2.229999938979745,60.16499868780375,28.77999936416745,8.374999765306711,18.86499946564436,32.88999926485121,21.244999303482476,1.7299999622628093,74.91999852657318,149.07999622821808,82.01999807357788,20.46999940276146,15.969999508932233,0.0299999983981251,18,3.358381509780884,8103.610306523877,0
0.1999999918043613,2.229999938979745,60.16499868780375,28.77999936416745,8.374999765306711,18.86499946564436,32.88999926485121,21.244999303482476,1.7299999622628093,74.91999852657318,149.07999622821808,82.01999807357788,20.46999940276146,15.969999508932233,0.0299999983981251,25,3.9633307456970215,9381.225932680654,0
3.259999867528677,1.26999993622303,57.47999848797917,22.55999954789877,5.789999885484576,18.71999965701252,9.769999727606772,13.689999744296074,2.334999907761812,82.06999769806862,142.44999599456787,96.0099972859025,18.199999883770943,0.5999999782070518,2.6649999441578984,17,2.9743783473968506,15125.296691304937,0
0.96499998960644,6.125,52.26499863527715,21.36999960057437,5.329999882727861,17.919999529607594,20.334999510087076,12.949999619275331,3.38999992236495,76.89999839663506,146.05999666452408,97.38499760627748,23.024999444372952,0.7849999833852053,0.7099999897181988,28,2.8274524211883545,10341.30069188591,0
0.1999999918043613,2.229999938979745,60.16499868780375,28.77999936416745,8.374999765306711,18.86499946564436,32.88999926485121,21.244999303482476,1.7299999622628093,74.91999852657318,149.07999622821808,82.01999807357788,20.46999940276146,15.969999508932233,0.0299999983981251,16,3.881325244903565,5303.470561811388,0
5.914999812841415,3.7049999833107,15.599999703466892,77.54999861586839,48.0849987231195,15.819999539293349,19.829999450594187,12.214999719522892,1.559999942779541,93.08499698340891,85.58499828726053,55.90499835833907,3.324999962002039,0.1049999967217445,2.459999917075038,57,5.058150291442871,18380.11153393798,0
3.564999796450138,11.414999866858125,41.374998703598976,39.98499927669764,4.784999907016754,21.05499951913953,18.394999584183097,11.829999767243862,4.074999880976975,70.9849983714521,136.5349966287613,84.22499760240316,18.46499966178089,11.694999769330025,7.079999742098153,367,7.045936584472656,10909.981668178916,0
0.9149999665096402,10.024999774992466,25.40499931573868,54.314999386668205,27.379999242722988,14.724999805912375,29.079999428242445,17.0849996432662,3.9099998865276575,100.60499780625103,110.02499678730965,67.47999823093414,5.699999783188105,9.489999637007712,1.9649999290704727,68,6.2853779792785645,14095.05232342186,0
0.4799999818205833,1.9499999284744265,42.98499861173332,15.154999777674677,3.079999908804893,25.349999661557376,7.754999768920243,13.574999453499911,8.509999888949096,80.81999841332436,147.48499682545662,100.33999712765215,16.249999698251486,1.8549999492242928,0.7199999922886491,6,5.855297088623047,4585.38984166014,0
0.464999983087182,0.0,33.609999388456345,25.21499954815954,10.834999799728394,29.979999544098973,5.62499984819442,16.21999946795404,1.3999999687075615,83.7399981468916,158.61499631404877,92.7449980378151,25.97499928623438,1.9949999274685977,5.234999760985375,11,2.825584650039673,11686.800246431869,0
3.4899999536573887,8.074999932199717,55.8549988232553,29.359999127686024,9.159999769181011,12.98999970406294,15.20999991055578,10.064999691210687,5.554999924264848,82.64499831199646,124.34999716281892,99.3199981721118,11.789999790489674,3.0899998992681503,2.9099999144673347,56,2.080021381378174,3792.004746832472,0
0.7699999697506428,5.32999986410141,52.12999873235822,34.70999921485782,12.779999762773514,17.179999381303787,27.51999955624342,17.474999494850636,1.2049999833106997,82.36499762535095,139.8949971795082,80.69999772310257,12.789999708533289,3.729999923147261,0.5349999815225601,15,4.155069828033447,11702.461279577044,0
0.4799999818205833,1.9499999284744265,42.98499861173332,15.154999777674677,3.079999908804893,25.349999661557376,7.754999768920243,13.574999453499911,8.509999888949096,80.81999841332436,147.48499682545662,100.33999712765215,16.249999698251486,1.8549999492242928,0.7199999922886491,14,2.100483655929565,684.7627326307996,0
0.1999999918043613,2.229999938979745,60.16499868780375,28.77999936416745,8.374999765306711,18.86499946564436,32.88999926485121,21.244999303482476,1.7299999622628093,74.91999852657318,149.07999622821808,82.01999807357788,20.46999940276146,15.969999508932233,0.0299999983981251,32,5.7196221351623535,13526.141356647136,0
0.96499998960644,6.125,52.26499863527715,21.36999960057437,5.329999882727861,17.919999529607594,20.334999510087076,12.949999619275331,3.38999992236495,76.89999839663506,146.05999666452408,97.38499760627748,23.024999444372952,0.7849999833852053,0.7099999897181988,44,9.834738731384276,9199.44020036002,0
0.8700000010430813,2.83499988168478,28.43499935232103,44.05999930202961,6.8899997593835,20.399999354965985,18.15999935939908,14.83999965712428,1.9699999205768108,67.5449982881546,99.50999799370766,73.61999813653529,17.239999561570585,3.6249998938292265,5.804999891668558,856,38.320098876953125,812.219182240853,0
1.4950000094249845,0.25,70.22999874129891,26.3899998255074,4.939999893307686,18.724999403581023,19.749999311752617,10.789999786764383,6.149999955669045,78.3849988207221,149.22999614477158,84.2349982559681,21.72999945655465,4.334999909624457,0.1899999976158142,3,0.9274099469184875,550.7267925205746,0
0.7699999697506428,5.32999986410141,52.12999873235822,34.70999921485782,12.779999762773514,17.179999381303787,27.51999955624342,17.474999494850636,1.2049999833106997,82.36499762535095,139.8949971795082,80.69999772310257,12.789999708533289,3.729999923147261,0.5349999815225601,35,5.277998924255371,19599.094366832363,0
0.9450000021606684,3.434999853372574,69.47499806433916,20.19999949913472,3.299999882467091,20.964999715797603,16.414999606087804,10.00499976053834,10.049999583512545,71.14999805390835,143.64999637007713,98.83499819040298,18.24999938905239,2.454999979585409,0.1950000021606683,10,5.639692306518555,4696.317706458965,0
0.96499998960644,6.125,52.26499863527715,21.36999960057437,5.329999882727861,17.919999529607594,20.334999510087076,12.949999619275331,3.38999992236495,76.89999839663506,146.05999666452408,97.38499760627748,23.024999444372952,0.7849999833852053,0.7099999897181988,14,4.795141220092773,11949.832634811251,0
5.444999858736992,4.329999953508377,25.829999282956123,70.9799986872822,29.499999433755875,14.254999565891922,25.63999940827489,13.069999652914705,5.254999836906791,98.53499687463044,94.66499811876564,68.40499864518642,2.9599999245256186,2.6099999621510506,2.760000001639128,104,8.867918968200684,9496.36246149019,0
0.7950000092387199,3.189999938011169,56.21999865211546,14.864999748766422,1.6849999874830246,23.04499962646514,12.98999961093068,11.25999952107668,9.249999962747095,82.68999804742634,155.90499687194824,95.3399977684021,21.32999949902296,2.3549999175593257,0.0949999988079071,10,0.9429925680160522,1824.828759089466,0
0.1349999904632568,0.0,12.499999706633387,14.664999623782933,6.619999775663018,39.324999143369496,4.794999876059592,15.81999958306551,11.519999934360383,91.62499766051768,170.07999601960182,88.88999731838703,15.039999544620514,3.7199999149888754,2.2649999232962728,14,4.675718307495117,3804.6813269970457,0
0.8700000010430813,2.83499988168478,28.43499935232103,44.05999930202961,6.8899997593835,20.399999354965985,18.15999935939908,14.83999965712428,1.9699999205768108,67.5449982881546,99.50999799370766,73.61999813653529,17.239999561570585,3.6249998938292265,5.804999891668558,714,22.014057159423828,3791.17396066179,0
5.914999812841415,3.7049999833107,15.599999703466892,77.54999861586839,48.0849987231195,15.819999539293349,19.829999450594187,12.214999719522892,1.559999942779541,93.08499698340891,85.58499828726053,55.90499835833907,3.324999962002039,0.1049999967217445,2.459999917075038,53,7.467898368835449,12011.16980148062,0
2.4599998937919736,1.6299999505281448,48.83499883115292,27.65499935299158,21.894999419339,19.079999521374702,29.53499932959676,14.55499972961843,3.269999846816063,83.30999729037285,114.55499777197838,78.964998036623,10.634999782778324,4.33499982021749,0.5499999858438969,154,20.15108871459961,642.0280367709809,0
0.4349999846890569,0.2699999809265136,17.074999710544944,43.87499918788672,12.844999495893717,17.869999554939568,15.424999584443867,12.57499971985817,2.5199999175965786,64.2299984600395,81.95499869808555,61.37999827601016,19.259999610483646,1.114999946206808,3.629999928176403,909,10.13869857788086,657.9513659838393,0
3.564999796450138,11.414999866858125,41.374998703598976,39.98499927669764,4.784999907016754,21.05499951913953,18.394999584183097,11.829999767243862,4.074999880976975,70.9849983714521,136.5349966287613,84.22499760240316,18.46499966178089,11.694999769330025,7.079999742098153,451,25.44409942626953,7501.799784051825,0
1.354999952018261,2.934999890625477,52.55999870970845,21.6599995540455,6.1349998051300645,14.814999550580978,23.92999942228198,15.724999763071535,3.354999929666519,91.64999756217004,135.54999741911888,88.08999839425087,18.80499968212098,2.749999903142452,0.9299999829381704,162,17.390705108642578,4502.899066157268,0
0.1999999955296516,0.0,27.579999309033155,20.20999930705875,11.274999603629112,36.50999907031655,6.29999977722764,17.829999540001154,5.544999832287431,86.48999812453985,177.05999505519867,89.6649977536872,14.034999651834369,3.319999974220991,2.969999933615327,23,4.993170261383057,764.8529270389178,0
1.354999952018261,2.934999890625477,52.55999870970845,21.6599995540455,6.1349998051300645,14.814999550580978,23.92999942228198,15.724999763071535,3.354999929666519,91.64999756217004,135.54999741911888,88.08999839425087,18.80499968212098,2.749999903142452,0.9299999829381704,253,18.13363075256348,5865.057544474734,0
2.4599998937919736,1.6299999505281448,48.83499883115292,27.65499935299158,21.894999419339,19.079999521374702,29.53499932959676,14.55499972961843,3.269999846816063,83.30999729037285,114.55499777197838,78.964998036623,10.634999782778324,4.33499982021749,0.5499999858438969,20,5.716812610626221,4572.318886516994,0
1.2099999831989408,1.0599999651312828,29.339999362826347,35.41999903321266,20.929999481886625,18.849999444559216,28.46999967470765,14.269999580457808,1.6849999725818634,89.54499815404415,124.12999773025513,91.05999806523324,10.634999693371356,4.929999887943268,0.7949999701231718,22,1.3230409622192385,9369.85058578844,0
0.1999999918043613,2.229999938979745,60.16499868780375,28.77999936416745,8.374999765306711,18.86499946564436,32.88999926485121,21.244999303482476,1.7299999622628093,74.91999852657318,149.07999622821808,82.01999807357788,20.46999940276146,15.969999508932233,0.0299999983981251,-4,2.976414442062378,2379.285607067802,0
3.4899999536573887,8.074999932199717,55.8549988232553,29.359999127686024,9.159999769181011,12.98999970406294,15.20999991055578,10.064999691210687,5.554999924264848,82.64499831199646,124.34999716281892,99.3199981721118,11.789999790489674,3.0899998992681503,2.9099999144673347,165,12.397649765014648,496.5883607174055,0
1.4950000094249845,0.25,70.22999874129891,26.3899998255074,4.939999893307686,18.724999403581023,19.749999311752617,10.789999786764383,6.149999955669045,78.3849988207221,149.22999614477158,84.2349982559681,21.72999945655465,4.334999909624457,0.1899999976158142,9,2.827856063842773,218.40329667841556,0
0.9450000021606684,3.434999853372574,69.47499806433916,20.19999949913472,3.299999882467091,20.964999715797603,16.414999606087804,10.00499976053834,10.049999583512545,71.14999805390835,143.64999637007713,98.83499819040298,18.24999938905239,2.454999979585409,0.1950000021606683,7,7.610780239105225,3114.514408378937,0
2.169999949634075,5.159999867901206,29.15499943122268,41.99999884516001,7.6399998646229506,23.264999579638243,18.549999598413702,14.679999761283398,2.0849999859929085,71.26999790966511,128.38999766111374,79.31499820202589,15.059999823570251,4.454999886453152,7.034999901428819,775,12.882627487182615,2759.0215657004205,0
9.434999763965608,17.099999519996345,31.82999912276864,45.86499884724617,23.67999954707921,16.904999654740095,24.45999947655946,19.80999942868948,2.149999968707561,88.70999884605408,115.59499633312224,76.55499786138535,12.619999647140505,10.449999786913397,1.0499999606981874,35,9.356367111206056,25749.45630493972,0
0.4099999964237213,1.389999970793724,35.58499903231859,46.0699987411499,22.419999677687883,19.284999516792595,24.469999637454748,12.939999676309526,1.66499999538064,89.35499835759401,105.85999783873558,84.45499789714813,7.10499978531152,0.7899999842047691,5.9149998454377055,132,17.302438735961914,2390.983061420553,0
5.330000042915344,11.514999724924564,45.39499876648188,27.739999163895845,6.089999784715474,13.969999719411136,14.254999827593563,12.74499964620918,5.999999798834324,89.81999780610204,133.44999712705612,89.32499780505896,20.97499981429428,6.994999758899212,3.669999983161688,98,14.0409517288208,7708.83259644416,0
0.9450000021606684,3.434999853372574,69.47499806433916,20.19999949913472,3.299999882467091,20.964999715797603,16.414999606087804,10.00499976053834,10.049999583512545,71.14999805390835,143.64999637007713,98.83499819040298,18.24999938905239,2.454999979585409,0.1950000021606683,13,3.3575775623321533,10132.008685349614,0
3.564999796450138,11.414999866858125,41.374998703598976,39.98499927669764,4.784999907016754,21.05499951913953,18.394999584183097,11.829999767243862,4.074999880976975,70.9849983714521,136.5349966287613,84.22499760240316,18.46499966178089,11.694999769330025,7.079999742098153,813,20.029102325439453,6451.74395028197,0
0.96499998960644,6.125,52.26499863527715,21.36999960057437,5.329999882727861,17.919999529607594,20.334999510087076,12.949999619275331,3.38999992236495,76.89999839663506,146.05999666452408,97.38499760627748,23.024999444372952,0.7849999833852053,0.7099999897181988,14,2.100994825363159,12348.052478022595,0
0.9149999665096402,10.024999774992466,25.40499931573868,54.314999386668205,27.379999242722988,14.724999805912375,29.079999428242445,17.0849996432662,3.9099998865276575,100.60499780625103,110.02499678730965,67.47999823093414,5.699999783188105,9.489999637007712,1.9649999290704727,50,6.642484664916992,8918.228523647507,0
3.259999867528677,1.26999993622303,57.47999848797917,22.55999954789877,5.789999885484576,18.71999965701252,9.769999727606772,13.689999744296074,2.334999907761812,82.06999769806862,142.44999599456787,96.0099972859025,18.199999883770943,0.5999999782070518,2.6649999441578984,151,24.1363525390625,12661.279556190204,0
3.4899999536573887,8.074999932199717,55.8549988232553,29.359999127686024,9.159999769181011,12.98999970406294,15.20999991055578,10.064999691210687,5.554999924264848,82.64499831199646,124.34999716281892,99.3199981721118,11.789999790489674,3.0899998992681503,2.9099999144673347,118,13.88571071624756,5181.235373923868,0
0.8700000010430813,2.83499988168478,28.43499935232103,44.05999930202961,6.8899997593835,20.399999354965985,18.15999935939908,14.83999965712428,1.9699999205768108,67.5449982881546,99.50999799370766,73.61999813653529,17.239999561570585,3.6249998938292265,5.804999891668558,815,23.802499771118164,1186.8024266911489,0
1.2099999831989408,1.0599999651312828,29.339999362826347,35.41999903321266,20.929999481886625,18.849999444559216,28.46999967470765,14.269999580457808,1.6849999725818634,89.54499815404415,124.12999773025513,91.05999806523324,10.634999693371356,4.929999887943268,0.7949999701231718,75,14.52076816558838,5567.081820846537,0
3.259999867528677,1.26999993622303,57.47999848797917,22.55999954789877,5.789999885484576,18.71999965701252,9.769999727606772,13.689999744296074,2.334999907761812,82.06999769806862,142.44999599456787,96.0099972859025,18.199999883770943,0.5999999782070518,2.6649999441578984,213,32.27394485473633,14121.430522436456,0
1.4450000077486038,5.9949998408555984,58.44499818235636,30.804999326355755,6.424999833106995,18.969999758526683,23.634999439120293,10.67499978095293,2.4599998965859413,69.51499853283167,147.8749977350235,81.4599983394146,18.779999759048223,4.139999814331532,0.8099999744445086,-1,2.9759325981140137,6174.0262390112985,0
0.464999983087182,0.0,33.609999388456345,25.21499954815954,10.834999799728394,29.979999544098973,5.62499984819442,16.21999946795404,1.3999999687075615,83.7399981468916,158.61499631404877,92.7449980378151,25.97499928623438,1.9949999274685977,5.234999760985375,17,2.973536491394043,12496.215427080311,0
1.4450000077486038,5.9949998408555984,58.44499818235636,30.804999326355755,6.424999833106995,18.969999758526683,23.634999439120293,10.67499978095293,2.4599998965859413,69.51499853283167,147.8749977350235,81.4599983394146,18.779999759048223,4.139999814331532,0.8099999744445086,10,8.745743751525879,12546.493534051657,0
1.4450000077486038,5.9949998408555984,58.44499818235636,30.804999326355755,6.424999833106995,18.969999758526683,23.634999439120293,10.67499978095293,2.4599998965859413,69.51499853283167,147.8749977350235,81.4599983394146,18.779999759048223,4.139999814331532,0.8099999744445086,25,3.8223953247070312,8734.689462138882,0
0.2299999902024865,0.8799999784678221,31.644999369978905,43.64499872922897,11.58999975770712,24.049999467097223,11.294999646022916,13.159999772906303,13.509999349713326,71.06999830901623,117.63499712944032,83.90999752748758,16.234999667853117,3.8549999082461,7.624999797903001,323,17.35368537902832,1612.7616066858736,0
0.1349999904632568,0.0,12.499999706633387,14.664999623782933,6.619999775663018,39.324999143369496,4.794999876059592,15.81999958306551,11.519999934360383,91.62499766051768,170.07999601960182,88.88999731838703,15.039999544620514,3.7199999149888754,2.2649999232962728,14,2.6427865028381348,2333.838040653207,0
0.179999990388751,1.829999953508377,32.339999333024025,46.26999911479652,15.929999481886624,22.52499930933118,11.739999607205393,13.324999619275331,4.98499983176589,63.95499865710735,98.37499797344208,75.52999862283468,19.394999695010483,4.639999859966338,4.624999881722033,915,4.792565822601318,942.0191080864548,0
0.7699999697506428,5.32999986410141,52.12999873235822,34.70999921485782,12.779999762773514,17.179999381303787,27.51999955624342,17.474999494850636,1.2049999833106997,82.36499762535095,139.8949971795082,80.69999772310257,12.789999708533289,3.729999923147261,0.5349999815225601,31,6.640216827392578,7934.191830300047,0
0.4799999818205833,1.9499999284744265,42.98499861173332,15.154999777674677,3.079999908804893,25.349999661557376,7.754999768920243,13.574999453499911,8.509999888949096,80.81999841332436,147.48499682545662,100.33999712765215,16.249999698251486,1.8549999492242928,0.7199999922886491,8,6.634438514709473,7020.0,0
0.9149999665096402,10.024999774992466,25.40499931573868,54.314999386668205,27.379999242722988,14.724999805912375,29.079999428242445,17.0849996432662,3.9099998865276575,100.60499780625103,110.02499678730965,67.47999823093414,5.699999783188105,9.489999637007712,1.9649999290704727,31,2.935710430145264,28941.41841720961,0
1.354999952018261,2.934999890625477,52.55999870970845,21.6599995540455,6.1349998051300645,14.814999550580978,23.92999942228198,15.724999763071535,3.354999929666519,91.64999756217004,135.54999741911888,88.08999839425087,18.80499968212098,2.749999903142452,0.9299999829381704,195,21.02382469177246,4179.054917083527,0
0.96499998960644,6.125,52.26499863527715,21.36999960057437,5.329999882727861,17.919999529607594,20.334999510087076,12.949999619275331,3.38999992236495,76.89999839663506,146.05999666452408,97.38499760627748,23.024999444372952,0.7849999833852053,0.7099999897181988,11,4.196442127227783,16504.090402079117,0
2.4599998937919736,1.6299999505281448,48.83499883115292,27.65499935299158,21.894999419339,19.079999521374702,29.53499932959676,14.55499972961843,3.269999846816063,83.30999729037285,114.55499777197838,78.964998036623,10.634999782778324,4.33499982021749,0.5499999858438969,78,7.724383354187012,2462.925090212855,0
2.4599998937919736,1.6299999505281448,48.83499883115292,27.65499935299158,21.894999419339,19.079999521374702,29.53499932959676,14.55499972961843,3.269999846816063,83.30999729037285,114.55499777197838,78.964998036623,10.634999782778324,4.33499982021749,0.5499999858438969,243,34.960636138916016,4596.270227042793,0
2.4599998937919736,1.6299999505281448,48.83499883115292,27.65499935299158,21.894999419339,19.079999521374702,29.53499932959676,14.55499972961843,3.269999846816063,83.30999729037285,114.55499777197838,78.964998036623,10.634999782778324,4.33499982021749,0.5499999858438969,68,8.28909969329834,3563.818177180199,0
1.6299999775364995,4.489999949932098,49.09499913454056,26.719999155960977,13.549999743700027,17.644999464973807,31.22499937005341,14.979999769479036,2.2649999484419823,83.23499834537506,131.1899970471859,84.39499805867672,14.554999594576657,5.894999794661999,1.1699999812990427,20,2.9755160808563232,13860.292204711992,0
0.4799999818205833,1.9499999284744265,42.98499861173332,15.154999777674677,3.079999908804893,25.349999661557376,7.754999768920243,13.574999453499911,8.509999888949096,80.81999841332436,147.48499682545662,100.33999712765215,16.249999698251486,1.8549999492242928,0.7199999922886491,17,2.643382787704468,6964.265934037844,0
0.7950000092387199,3.189999938011169,56.21999865211546,14.864999748766422,1.6849999874830246,23.04499962646514,12.98999961093068,11.25999952107668,9.249999962747095,82.68999804742634,155.90499687194824,95.3399977684021,21.32999949902296,2.3549999175593257,0.0949999988079071,8,2.643881559371948,391.15214431215895,0
1.454999971203506,0.0,56.624998464249074,19.459999420680106,5.534999786876142,19.259999653324485,8.739999869838357,17.884999565780163,1.7349999565631151,90.14499779045582,149.77499732375145,96.41499831527472,20.48499973211437,0.7349999863654375,2.034999960102141,12,2.7802884578704834,8902.319922357317,0
0.9149999665096402,10.024999774992466,25.40499931573868,54.314999386668205,27.379999242722988,14.724999805912375,29.079999428242445,17.0849996432662,3.9099998865276575,100.60499780625103,110.02499678730965,67.47999823093414,5.699999783188105,9.489999637007712,1.9649999290704727,61,5.981753826141357,26625.62111951569,0
1.354999952018261,2.934999890625477,52.55999870970845,21.6599995540455,6.1349998051300645,14.814999550580978,23.92999942228198,15.724999763071535,3.354999929666519,91.64999756217004,135.54999741911888,88.08999839425087,18.80499968212098,2.749999903142452,0.9299999829381704,220,16.501514434814453,4449.820221087589,0
0.4099999964237213,1.389999970793724,35.58499903231859,46.0699987411499,22.419999677687883,19.284999516792595,24.469999637454748,12.939999676309526,1.66499999538064,89.35499835759401,105.85999783873558,84.45499789714813,7.10499978531152,0.7899999842047691,5.9149998454377055,91,5.93658447265625,7136.974148755199,0
3.259999867528677,1.26999993622303,57.47999848797917,22.55999954789877,5.789999885484576,18.71999965701252,9.769999727606772,13.689999744296074,2.334999907761812,82.06999769806862,142.44999599456787,96.0099972859025,18.199999883770943,0.5999999782070518,2.6649999441578984,13,2.0798685550689697,14531.183709526213,0
0.464999983087182,0.0,33.609999388456345,25.21499954815954,10.834999799728394,29.979999544098973,5.62499984819442,16.21999946795404,1.3999999687075615,83.7399981468916,158.61499631404877,92.7449980378151,25.97499928623438,1.9949999274685977,5.234999760985375,12,3.96076250076294,7391.941558210536,0
0.7699999697506428,5.32999986410141,52.12999873235822,34.70999921485782,12.779999762773514,17.179999381303787,27.51999955624342,17.474999494850636,1.2049999833106997,82.36499762535095,139.8949971795082,80.69999772310257,12.789999708533289,3.729999923147261,0.5349999815225601,29,5.85585880279541,17798.977498721662,0
1.354999952018261,2.934999890625477,52.55999870970845,21.6599995540455,6.1349998051300645,14.814999550580978,23.92999942228198,15.724999763071535,3.354999929666519,91.64999756217004,135.54999741911888,88.08999839425087,18.80499968212098,2.749999903142452,0.9299999829381704,56,8.014415740966797,10391.698609948233,0
1.2099999831989408,1.0599999651312828,29.339999362826347,35.41999903321266,20.929999481886625,18.849999444559216,28.46999967470765,14.269999580457808,1.6849999725818634,89.54499815404415,124.12999773025513,91.05999806523324,10.634999693371356,4.929999887943268,0.7949999701231718,30,0.9274099469184875,18702.92490494468,0
0.2299999902024865,0.8799999784678221,31.644999369978905,43.64499872922897,11.58999975770712,24.049999467097223,11.294999646022916,13.159999772906303,13.509999349713326,71.06999830901623,117.63499712944032,83.90999752748758,16.234999667853117,3.8549999082461,7.624999797903001,463,6.729522228240967,2850.0,0
0.464999983087182,0.0,33.609999388456345,25.21499954815954,10.834999799728394,29.979999544098973,5.62499984819442,16.21999946795404,1.3999999687075615,83.7399981468916,158.61499631404877,92.7449980378151,25.97499928623438,1.9949999274685977,5.234999760985375,6,3.8765110969543457,7299.315036357864,0
0.7950000092387199,3.189999938011169,56.21999865211546,14.864999748766422,1.6849999874830246,23.04499962646514,12.98999961093068,11.25999952107668,9.249999962747095,82.68999804742634,155.90499687194824,95.3399977684021,21.32999949902296,2.3549999175593257,0.0949999988079071,9,4.705502033233643,540.8326913195983,0
0.0399999981746077,2.549999885261059,60.69999842252582,21.17499954253435,12.684999618679283,18.11499986052513,17.82999956700951,13.709999677725136,1.429999940097332,83.91999806463718,181.5199962258339,75.51999843120575,15.639999806880953,4.164999838918448,0.0,10,2.080343246459961,2289.650628371062,0
0.7699999697506428,5.32999986410141,52.12999873235822,34.70999921485782,12.779999762773514,17.179999381303787,27.51999955624342,17.474999494850636,1.2049999833106997,82.36499762535095,139.8949971795082,80.69999772310257,12.789999708533289,3.729999923147261,0.5349999815225601,15,7.994735240936279,15180.148220620244,0
5.444999858736992,4.329999953508377,25.829999282956123,70.9799986872822,29.499999433755875,14.254999565891922,25.63999940827489,13.069999652914705,5.254999836906791,98.53499687463044,94.66499811876564,68.40499864518642,2.9599999245256186,2.6099999621510506,2.760000001639128,82,2.1024727821350098,10986.473501538154,0
5.330000042915344,11.514999724924564,45.39499876648188,27.739999163895845,6.089999784715474,13.969999719411136,14.254999827593563,12.74499964620918,5.999999798834324,89.81999780610204,133.44999712705612,89.32499780505896,20.97499981429428,6.994999758899212,3.669999983161688,58,18.65378761291504,5180.974811751164,0
0.96499998960644,6.125,52.26499863527715,21.36999960057437,5.329999882727861,17.919999529607594,20.334999510087076,12.949999619275331,3.38999992236495,76.89999839663506,146.05999666452408,97.38499760627748,23.024999444372952,0.7849999833852053,0.7099999897181988,12,3.878963232040405,16124.769765798208,0
1.4450000077486038,5.9949998408555984,58.44499818235636,30.804999326355755,6.424999833106995,18.969999758526683,23.634999439120293,10.67499978095293,2.4599998965859413,69.51499853283167,147.8749977350235,81.4599983394146,18.779999759048223,4.139999814331532,0.8099999744445086,42,9.38018798828125,8796.141199412388,0
0.9450000021606684,3.434999853372574,69.47499806433916,20.19999949913472,3.299999882467091,20.964999715797603,16.414999606087804,10.00499976053834,10.049999583512545,71.14999805390835,143.64999637007713,98.83499819040298,18.24999938905239,2.454999979585409,0.1950000021606683,8,2.101290225982666,4098.597321035576,0
2.169999949634075,5.159999867901206,29.15499943122268,41.99999884516001,7.6399998646229506,23.264999579638243,18.549999598413702,14.679999761283398,2.0849999859929085,71.26999790966511,128.38999766111374,79.31499820202589,15.059999823570251,4.454999886453152,7.034999901428819,720,12.29288387298584,2102.783869065007,0
0.464999983087182,0.0,33.609999388456345,25.21499954815954,10.834999799728394,29.979999544098973,5.62499984819442,16.21999946795404,1.3999999687075615,83.7399981468916,158.61499631404877,92.7449980378151,25.97499928623438,1.9949999274685977,5.234999760985375,14,1.3221253156661987,6759.593183025145,0
5.330000042915344,11.514999724924564,45.39499876648188,27.739999163895845,6.089999784715474,13.969999719411136,14.254999827593563,12.74499964620918,5.999999798834324,89.81999780610204,133.44999712705612,89.32499780505896,20.97499981429428,6.994999758899212,3.669999983161688,62,2.643237829208374,8893.368315773276,0
1.6299999775364995,4.489999949932098,49.09499913454056,26.719999155960977,13.549999743700027,17.644999464973807,31.22499937005341,14.979999769479036,2.2649999484419823,83.23499834537506,131.1899970471859,84.39499805867672,14.554999594576657,5.894999794661999,1.1699999812990427,15,7.503591537475586,13544.65946415782,0
0.4799999818205833,1.9499999284744265,42.98499861173332,15.154999777674677,3.079999908804893,25.349999661557376,7.754999768920243,13.574999453499911,8.509999888949096,80.81999841332436,147.48499682545662,100.33999712765215,16.249999698251486,1.8549999492242928,0.7199999922886491,9,2.93526291847229,2226.477037833537,0
3.5999999046325684,14.549999453127384,36.924999402835965,33.90499905869365,9.599999714642763,20.259999781847,16.23999953828752,11.704999715089798,5.144999816082418,72.61499796807766,111.5549976825714,87.08999818563461,12.86999961733818,8.824999764561653,6.29499988257885,263,29.074094772338867,2473.8633753705963,0
2.169999949634075,5.159999867901206,29.15499943122268,41.99999884516001,7.6399998646229506,23.264999579638243,18.549999598413702,14.679999761283398,2.0849999859929085,71.26999790966511,128.38999766111374,79.31499820202589,15.059999823570251,4.454999886453152,7.034999901428819,746,7.890518665313721,2083.866598417471,0
1.454999971203506,0.0,56.624998464249074,19.459999420680106,5.534999786876142,19.259999653324485,8.739999869838357,17.884999565780163,1.7349999565631151,90.14499779045582,149.77499732375145,96.41499831527472,20.48499973211437,0.7349999863654375,2.034999960102141,-3,8.346961975097656,14005.084790889345,0
0.1349999904632568,0.0,12.499999706633387,14.664999623782933,6.619999775663018,39.324999143369496,4.794999876059592,15.81999958306551,11.519999934360383,91.62499766051768,170.07999601960182,88.88999731838703,15.039999544620514,3.7199999149888754,2.2649999232962728,9,2.7802884578704834,713.0918594402827,0
3.4899999536573887,8.074999932199717,55.8549988232553,29.359999127686024,9.159999769181011,12.98999970406294,15.20999991055578,10.064999691210687,5.554999924264848,82.64499831199646,124.34999716281892,99.3199981721118,11.789999790489674,3.0899998992681503,2.9099999144673347,231,18.85674285888672,1132.0777358467924,0
0.179999990388751,1.829999953508377,32.339999333024025,46.26999911479652,15.929999481886624,22.52499930933118,11.739999607205393,13.324999619275331,4.98499983176589,63.95499865710735,98.37499797344208,75.52999862283468,19.394999695010483,4.639999859966338,4.624999881722033,830,9.387106895446776,1480.0675660252812,0
0.9149999665096402,10.024999774992466,25.40499931573868,54.314999386668205,27.379999242722988,14.724999805912375,29.079999428242445,17.0849996432662,3.9099998865276575,100.60499780625103,110.02499678730965,67.47999823093414,5.699999783188105,9.489999637007712,1.9649999290704727,29,10.138813972473145,12695.991493380892,0
3.5999999046325684,14.549999453127384,36.924999402835965,33.90499905869365,9.599999714642763,20.259999781847,16.23999953828752,11.704999715089798,5.144999816082418,72.61499796807766,111.5549976825714,87.08999818563461,12.86999961733818,8.824999764561653,6.29499988257885,749,25.632923126220703,8098.22202708718,0
3.564999796450138,11.414999866858125,41.374998703598976,39.98499927669764,4.784999907016754,21.05499951913953,18.394999584183097,11.829999767243862,4.074999880976975,70.9849983714521,136.5349966287613,84.22499760240316,18.46499966178089,11.694999769330025,7.079999742098153,106,9.379953384399414,8154.8145288534915,0
1.454999971203506,0.0,56.624998464249074,19.459999420680106,5.534999786876142,19.259999653324485,8.739999869838357,17.884999565780163,1.7349999565631151,90.14499779045582,149.77499732375145,96.41499831527472,20.48499973211437,0.7349999863654375,2.034999960102141,17,3.704791784286499,8775.448706476496,0
1.354999952018261,2.934999890625477,52.55999870970845,21.6599995540455,6.1349998051300645,14.814999550580978,23.92999942228198,15.724999763071535,3.354999929666519,91.64999756217004,135.54999741911888,88.08999839425087,18.80499968212098,2.749999903142452,0.9299999829381704,122,13.20765495300293,5162.179772150521,0
5.330000042915344,11.514999724924564,45.39499876648188,27.739999163895845,6.089999784715474,13.969999719411136,14.254999827593563,12.74499964620918,5.999999798834324,89.81999780610204,133.44999712705612,89.32499780505896,20.97499981429428,6.994999758899212,3.669999983161688,80,10.521679878234863,7540.212198605554,0
0.9450000021606684,3.434999853372574,69.47499806433916,20.19999949913472,3.299999882467091,20.964999715797603,16.414999606087804,10.00499976053834,10.049999583512545,71.14999805390835,143.64999637007713,98.83499819040298,18.24999938905239,2.454999979585409,0.1950000021606683,9,4.1546244621276855,7003.956024990448,0
1.6299999775364995,4.489999949932098,49.09499913454056,26.719999155960977,13.549999743700027,17.644999464973807,31.22499937005341,14.979999769479036,2.2649999484419823,83.23499834537506,131.1899970471859,84.39499805867672,14.554999594576657,5.894999794661999,1.1699999812990427,68,16.753040313720703,9393.880987110706,0
0.1349999904632568,0.0,12.499999706633387,14.664999623782933,6.619999775663018,39.324999143369496,4.794999876059592,15.81999958306551,11.519999934360383,91.62499766051768,170.07999601960182,88.88999731838703,15.039999544620514,3.7199999149888754,2.2649999232962728,10,0.942565619945526,1100.2272492535349,0
3.564999796450138,11.414999866858125,41.374998703598976,39.98499927669764,4.784999907016754,21.05499951913953,18.394999584183097,11.829999767243862,4.074999880976975,70.9849983714521,136.5349966287613,84.22499760240316,18.46499966178089,11.694999769330025,7.079999742098153,357,6.733160495758057,10720.79288112591,0
1.6299999775364995,4.489999949932098,49.09499913454056,26.719999155960977,13.549999743700027,17.644999464973807,31.22499937005341,14.979999769479036,2.2649999484419823,83.23499834537506,131.1899970471859,84.39499805867672,14.554999594576657,5.894999794661999,1.1699999812990427,17,2.93552827835083,15677.949483271082,0
1.2099999831989408,1.0599999651312828,29.339999362826347,35.41999903321266,20.929999481886625,18.849999444559216,28.46999967470765,14.269999580457808,1.6849999725818634,89.54499815404415,124.12999773025513,91.05999806523324,10.634999693371356,4.929999887943268,0.7949999701231718,27,2.644545078277588,5575.562751866399,0
0.9149999665096402,10.024999774992466,25.40499931573868,54.314999386668205,27.379999242722988,14.724999805912375,29.079999428242445,17.0849996432662,3.9099998865276575,100.60499780625103,110.02499678730965,67.47999823093414,5.699999783188105,9.489999637007712,1.9649999290704727,42,11.146122932434082,12749.47057724359,0
1.4950000094249845,0.25,70.22999874129891,26.3899998255074,4.939999893307686,18.724999403581023,19.749999311752617,10.789999786764383,6.149999955669045,78.3849988207221,149.22999614477158,84.2349982559681,21.72999945655465,4.334999909624457,0.1899999976158142,8,3.8804831504821777,1717.352613763405,0
5.330000042915344,11.514999724924564,45.39499876648188,27.739999163895845,6.089999784715474,13.969999719411136,14.254999827593563,12.74499964620918,5.999999798834324,89.81999780610204,133.44999712705612,89.32499780505896,20.97499981429428,6.994999758899212,3.669999983161688,173,17.43630027770996,13601.782971360775,0
1.354999952018261,2.934999890625477,52.55999870970845,21.6599995540455,6.1349998051300645,14.814999550580978,23.92999942228198,15.724999763071535,3.354999929666519,91.64999756217004,135.54999741911888,88.08999839425087,18.80499968212098,2.749999903142452,0.9299999829381704,10,7.466218948364258,11170.841508140737,0
0.2299999902024865,0.8799999784678221,31.644999369978905,43.64499872922897,11.58999975770712,24.049999467097223,11.294999646022916,13.159999772906303,13.509999349713326,71.06999830901623,117.63499712944032,83.90999752748758,16.234999667853117,3.8549999082461,7.624999797903001,457,12.434286117553713,1218.2364302548172,0
1.6299999775364995,4.489999949932098,49.09499913454056,26.719999155960977,13.549999743700027,17.644999464973807,31.22499937005341,14.979999769479036,2.2649999484419823,83.23499834537506,131.1899970471859,84.39499805867672,14.554999594576657,5.894999794661999,1.1699999812990427,22,4.19708251953125,13616.232959229215,0
0.464999983087182,0.0,33.609999388456345,25.21499954815954,10.834999799728394,29.979999544098973,5.62499984819442,16.21999946795404,1.3999999687075615,83.7399981468916,158.61499631404877,92.7449980378151,25.97499928623438,1.9949999274685977,5.234999760985375,19,2.8255770206451416,8217.700408265076,0
5.444999858736992,4.329999953508377,25.829999282956123,70.9799986872822,29.499999433755875,14.254999565891922,25.63999940827489,13.069999652914705,5.254999836906791,98.53499687463044,94.66499811876564,68.40499864518642,2.9599999245256186,2.6099999621510506,2.760000001639128,148,13.49428367614746,12306.949256416066,0
1.9499999731779096,0.2849999964237213,8.334999866783619,14.339999571442604,5.439999853260815,37.84499921742827,3.579999886453152,12.669999744743109,12.544999726116655,95.0249973833561,171.1149960756302,82.13999795913696,12.584999695420263,7.479999788105488,1.2099999878555536,9,2.6425909996032715,442.944691807002,0
1.4450000077486038,5.9949998408555984,58.44499818235636,30.804999326355755,6.424999833106995,18.969999758526683,23.634999439120293,10.67499978095293,2.4599998965859413,69.51499853283167,147.8749977350235,81.4599983394146,18.779999759048223,4.139999814331532,0.8099999744445086,8,9.836000442504885,10802.208107604669,0
5.330000042915344,11.514999724924564,45.39499876648188,27.739999163895845,6.089999784715474,13.969999719411136,14.254999827593563,12.74499964620918,5.999999798834324,89.81999780610204,133.44999712705612,89.32499780505896,20.97499981429428,6.994999758899212,3.669999983161688,273,18.39327049255371,12189.454458670412,0
0.179999990388751,1.829999953508377,32.339999333024025,46.26999911479652,15.929999481886624,22.52499930933118,11.739999607205393,13.324999619275331,4.98499983176589,63.95499865710735,98.37499797344208,75.52999862283468,19.394999695010483,4.639999859966338,4.624999881722033,918,17.704187393188477,3043.041241915725,0
2.169999949634075,5.159999867901206,29.15499943122268,41.99999884516001,7.6399998646229506,23.264999579638243,18.549999598413702,14.679999761283398,2.0849999859929085,71.26999790966511,128.38999766111374,79.31499820202589,15.059999823570251,4.454999886453152,7.034999901428819,833,7.610660552978516,4291.677993512561,0
2.2999998619779944,4.824999824166298,39.05499912798405,37.61999933421612,26.469999361783263,14.069999636150897,18.8449993096292,16.214999719522893,4.4449998661875725,85.86499777436256,109.76999720931052,86.74499779939651,10.59999979287386,3.694999997504056,2.629999965429306,101,13.279306411743164,5590.313050268294,0
1.454999971203506,0.0,56.624998464249074,19.459999420680106,5.534999786876142,19.259999653324485,8.739999869838357,17.884999565780163,1.7349999565631151,90.14499779045582,149.77499732375145,96.41499831527472,20.48499973211437,0.7349999863654375,2.034999960102141,14,2.100243330001831,5881.224362324566,0
1.4450000077486038,5.9949998408555984,58.44499818235636,30.804999326355755,6.424999833106995,18.969999758526683,23.634999439120293,10.67499978095293,2.4599998965859413,69.51499853283167,147.8749977350235,81.4599983394146,18.779999759048223,4.139999814331532,0.8099999744445086,8,4.678565502166748,7098.598453215958,0
0.4099999964237213,1.389999970793724,35.58499903231859,46.0699987411499,22.419999677687883,19.284999516792595,24.469999637454748,12.939999676309526,1.66499999538064,89.35499835759401,105.85999783873558,84.45499789714813,7.10499978531152,0.7899999842047691,5.9149998454377055,66,6.586682796478272,9047.922413460452,0
1.354999952018261,2.934999890625477,52.55999870970845,21.6599995540455,6.1349998051300645,14.814999550580978,23.92999942228198,15.724999763071535,3.354999929666519,91.64999756217004,135.54999741911888,88.08999839425087,18.80499968212098,2.749999903142452,0.9299999829381704,14,5.458217620849609,13809.029654541264,0
0.96499998960644,6.125,52.26499863527715,21.36999960057437,5.329999882727861,17.919999529607594,20.334999510087076,12.949999619275331,3.38999992236495,76.89999839663506,146.05999666452408,97.38499760627748,23.024999444372952,0.7849999833852053,0.7099999897181988,19,2.97529411315918,10874.948275739062,0
0.4099999964237213,1.389999970793724,35.58499903231859,46.0699987411499,22.419999677687883,19.284999516792595,24.469999637454748,12.939999676309526,1.66499999538064,89.35499835759401,105.85999783873558,84.45499789714813,7.10499978531152,0.7899999842047691,5.9149998454377055,104,13.49338436126709,6483.610105489071,0
0.7699999697506428,5.32999986410141,52.12999873235822,34.70999921485782,12.779999762773514,17.179999381303787,27.51999955624342,17.474999494850636,1.2049999833106997,82.36499762535095,139.8949971795082,80.69999772310257,12.789999708533289,3.729999923147261,0.5349999815225601,16,6.828765869140625,17029.45976829565,0
3.564999796450138,11.414999866858125,41.374998703598976,39.98499927669764,4.784999907016754,21.05499951913953,18.394999584183097,11.829999767243862,4.074999880976975,70.9849983714521,136.5349966287613,84.22499760240316,18.46499966178089,11.694999769330025,7.079999742098153,615,25.90274429321289,6752.666140125692,0
1.454999971203506,0.0,56.624998464249074,19.459999420680106,5.534999786876142,19.259999653324485,8.739999869838357,17.884999565780163,1.7349999565631151,90.14499779045582,149.77499732375145,96.41499831527472,20.48499973211437,0.7349999863654375,2.034999960102141,19,3.3574976921081543,14870.591783785876,0
1.2099999831989408,1.0599999651312828,29.339999362826347,35.41999903321266,20.929999481886625,18.849999444559216,28.46999967470765,14.269999580457808,1.6849999725818634,89.54499815404415,124.12999773025513,91.05999806523324,10.634999693371356,4.929999887943268,0.7949999701231718,70,6.284126281738281,5402.082931610732,0
1.354999952018261,2.934999890625477,52.55999870970845,21.6599995540455,6.1349998051300645,14.814999550580978,23.92999942228198,15.724999763071535,3.354999929666519,91.64999756217004,135.54999741911888,88.08999839425087,18.80499968212098,2.749999903142452,0.9299999829381704,41,4.196562767028809,9889.812940597008,0
1.354999952018261,2.934999890625477,52.55999870970845,21.6599995540455,6.1349998051300645,14.814999550580978,23.92999942228198,15.724999763071535,3.354999929666519,91.64999756217004,135.54999741911888,88.08999839425087,18.80499968212098,2.749999903142452,0.9299999829381704,45,6.572010517120361,11441.372295314928,0
0.1999999955296516,0.0,27.579999309033155,20.20999930705875,11.274999603629112,36.50999907031655,6.29999977722764,17.829999540001154,5.544999832287431,86.48999812453985,177.05999505519867,89.6649977536872,14.034999651834369,3.319999974220991,2.969999933615327,12,4.154020309448242,436.8065933568311,0
0.1999999918043613,2.229999938979745,60.16499868780375,28.77999936416745,8.374999765306711,18.86499946564436,32.88999926485121,21.244999303482476,1.7299999622628093,74.91999852657318,149.07999622821808,82.01999807357788,20.46999940276146,15.969999508932233,0.0299999983981251,21,2.080320358276367,7397.8442805995855,0
1.4450000077486038,5.9949998408555984,58.44499818235636,30.804999326355755,6.424999833106995,18.969999758526683,23.634999439120293,10.67499978095293,2.4599998965859413,69.51499853283167,147.8749977350235,81.4599983394146,18.779999759048223,4.139999814331532,0.8099999744445086,19,2.1016361713409424,6878.117475007242,0
3.564999796450138,11.414999866858125,41.374998703598976,39.98499927669764,4.784999907016754,21.05499951913953,18.394999584183097,11.829999767243862,4.074999880976975,70.9849983714521,136.5349966287613,84.22499760240316,18.46499966178089,11.694999769330025,7.079999742098153,147,10.469098091125488,8756.403371247809,0
1.2099999831989408,1.0599999651312828,29.339999362826347,35.41999903321266,20.929999481886625,18.849999444559216,28.46999967470765,14.269999580457808,1.6849999725818634,89.54499815404415,124.12999773025513,91.05999806523324,10.634999693371356,4.929999887943268,0.7949999701231718,133,8.353535652160645,9771.34586431163,0
1.354999952018261,2.934999890625477,52.55999870970845,21.6599995540455,6.1349998051300645,14.814999550580978,23.92999942228198,15.724999763071535,3.354999929666519,91.64999756217004,135.54999741911888,88.08999839425087,18.80499968212098,2.749999903142452,0.9299999829381704,8,5.639637470245361,15649.421714555465,0
3.4899999536573887,8.074999932199717,55.8549988232553,29.359999127686024,9.159999769181011,12.98999970406294,15.20999991055578,10.064999691210687,5.554999924264848,82.64499831199646,124.34999716281892,99.3199981721118,11.789999790489674,3.0899998992681503,2.9099999144673347,100,23.269081115722656,271.66155414412253,0
1.9499999731779096,0.2849999964237213,8.334999866783619,14.339999571442604,5.439999853260815,37.84499921742827,3.579999886453152,12.669999744743109,12.544999726116655,95.0249973833561,171.1149960756302,82.13999795913696,12.584999695420263,7.479999788105488,1.2099999878555536,6,0.942271053791046,123.69316876852982,0
3.259999867528677,1.26999993622303,57.47999848797917,22.55999954789877,5.789999885484576,18.71999965701252,9.769999727606772,13.689999744296074,2.334999907761812,82.06999769806862,142.44999599456787,96.0099972859025,18.199999883770943,0.5999999782070518,2.6649999441578984,25,2.9737255573272705,15211.538383740151,0
3.4899999536573887,8.074999932199717,55.8549988232553,29.359999127686024,9.159999769181011,12.98999970406294,15.20999991055578,10.064999691210687,5.554999924264848,82.64499831199646,124.34999716281892,99.3199981721118,11.789999790489674,3.0899998992681503,2.9099999144673347,121,11.238201141357422,4089.3642537685487,0
3.564999796450138,11.414999866858125,41.374998703598976,39.98499927669764,4.784999907016754,21.05499951913953,18.394999584183097,11.829999767243862,4.074999880976975,70.9849983714521,136.5349966287613,84.22499760240316,18.46499966178089,11.694999769330025,7.079999742098153,343,26.12455940246582,10200.705857929635,0
2.4599998937919736,1.6299999505281448,48.83499883115292,27.65499935299158,21.894999419339,19.079999521374702,29.53499932959676,14.55499972961843,3.269999846816063,83.30999729037285,114.55499777197838,78.964998036623,10.634999782778324,4.33499982021749,0.5499999858438969,188,13.058916091918944,5858.685859473949,0
0.2249999865889549,0.0,17.98999958205968,23.914999298751358,6.8849997306242585,38.02499923110008,11.3899997593835,20.06499972194433,5.909999820403755,94.20499850064516,156.43499660491943,80.55999843776226,17.019999586045742,5.66999981738627,3.169999998994172,19,3.377415418624878,1822.361105818493,0
0.8700000010430813,2.83499988168478,28.43499935232103,44.05999930202961,6.8899997593835,20.399999354965985,18.15999935939908,14.83999965712428,1.9699999205768108,67.5449982881546,99.50999799370766,73.61999813653529,17.239999561570585,3.6249998938292265,5.804999891668558,745,17.396846771240234,3740.387680441695,0
1.354999952018261,2.934999890625477,52.55999870970845,21.6599995540455,6.1349998051300645,14.814999550580978,23.92999942228198,15.724999763071535,3.354999929666519,91.64999756217004,135.54999741911888,88.08999839425087,18.80499968212098,2.749999903142452,0.9299999829381704,72,0.9274099469184875,8611.724565962384,0
3.564999796450138,11.414999866858125,41.374998703598976,39.98499927669764,4.784999907016754,21.05499951913953,18.394999584183097,11.829999767243862,4.074999880976975,70.9849983714521,136.5349966287613,84.22499760240316,18.46499966178089,11.694999769330025,7.079999742098153,490,39.7172966003418,7066.576257283296,0
0.9450000021606684,3.434999853372574,69.47499806433916,20.19999949913472,3.299999882467091,20.964999715797603,16.414999606087804,10.00499976053834,10.049999583512545,71.14999805390835,143.64999637007713,98.83499819040298,18.24999938905239,2.454999979585409,0.1950000021606683,17,3.3575634956359863,6039.246641759219,0
0.4799999818205833,1.9499999284744265,42.98499861173332,15.154999777674677,3.079999908804893,25.349999661557376,7.754999768920243,13.574999453499911,8.509999888949096,80.81999841332436,147.48499682545662,100.33999712765215,16.249999698251486,1.8549999492242928,0.7199999922886491,7,2.1004927158355717,7162.71596533047,0
1.2099999831989408,1.0599999651312828,29.339999362826347,35.41999903321266,20.929999481886625,18.849999444559216,28.46999967470765,14.269999580457808,1.6849999725818634,89.54499815404415,124.12999773025513,91.05999806523324,10.634999693371356,4.929999887943268,0.7949999701231718,63,11.504841804504396,20604.12580043133,0
0.96499998960644,6.125,52.26499863527715,21.36999960057437,5.329999882727861,17.919999529607594,20.334999510087076,12.949999619275331,3.38999992236495,76.89999839663506,146.05999666452408,97.38499760627748,23.024999444372952,0.7849999833852053,0.7099999897181988,5,0.9274099469184875,14841.482405743707,0
0.96499998960644,6.125,52.26499863527715,21.36999960057437,5.329999882727861,17.919999529607594,20.334999510087076,12.949999619275331,3.38999992236495,76.89999839663506,146.05999666452408,97.38499760627748,23.024999444372952,0.7849999833852053,0.7099999897181988,12,3.878618001937866,16101.170764885392,0
0.96499998960644,6.125,52.26499863527715,21.36999960057437,5.329999882727861,17.919999529607594,20.334999510087076,12.949999619275331,3.38999992236495,76.89999839663506,146.05999666452408,97.38499760627748,23.024999444372952,0.7849999833852053,0.7099999897181988,12,6.280772686004639,12684.183063958042,0
1.4450000077486038,5.9949998408555984,58.44499818235636,30.804999326355755,6.424999833106995,18.969999758526683,23.634999439120293,10.67499978095293,2.4599998965859413,69.51499853283167,147.8749977350235,81.4599983394146,18.779999759048223,4.139999814331532,0.8099999744445086,13,1.854334115982056,10860.372921773913,0
0.1999999955296516,0.0,27.579999309033155,20.20999930705875,11.274999603629112,36.50999907031655,6.29999977722764,17.829999540001154,5.544999832287431,86.48999812453985,177.05999505519867,89.6649977536872,14.034999651834369,3.319999974220991,2.969999933615327,20,7.525327682495117,4612.006071114824,0
1.4950000094249845,0.25,70.22999874129891,26.3899998255074,4.939999893307686,18.724999403581023,19.749999311752617,10.789999786764383,6.149999955669045,78.3849988207221,149.22999614477158,84.2349982559681,21.72999945655465,4.334999909624457,0.1899999976158142,9,0.0,2743.3191575170395,0
2.4599998937919736,1.6299999505281448,48.83499883115292,27.65499935299158,21.894999419339,19.079999521374702,29.53499932959676,14.55499972961843,3.269999846816063,83.30999729037285,114.55499777197838,78.964998036623,10.634999782778324,4.33499982021749,0.5499999858438969,257,30.649391174316406,1489.4629904767692,0
2.169999949634075,5.159999867901206,29.15499943122268,41.99999884516001,7.6399998646229506,23.264999579638243,18.549999598413702,14.679999761283398,2.0849999859929085,71.26999790966511,128.38999766111374,79.31499820202589,15.059999823570251,4.454999886453152,7.034999901428819,569,36.51059341430664,1992.2349259060788,0
3.4899999536573887,8.074999932199717,55.8549988232553,29.359999127686024,9.159999769181011,12.98999970406294,15.20999991055578,10.064999691210687,5.554999924264848,82.64499831199646,124.34999716281892,99.3199981721118,11.789999790489674,3.0899998992681503,2.9099999144673347,111,10.992984771728516,212.1320343559643,0
0.9450000021606684,3.434999853372574,69.47499806433916,20.19999949913472,3.299999882467091,20.964999715797603,16.414999606087804,10.00499976053834,10.049999583512545,71.14999805390835,143.64999637007713,98.83499819040298,18.24999938905239,2.454999979585409,0.1950000021606683,7,4.1545610427856445,4218.921663174134,0
1.454999971203506,0.0,56.624998464249074,19.459999420680106,5.534999786876142,19.259999653324485,8.739999869838357,17.884999565780163,1.7349999565631151,90.14499779045582,149.77499732375145,96.41499831527472,20.48499973211437,0.7349999863654375,2.034999960102141,10,3.9613778591156006,9661.909749112749,0
3.4899999536573887,8.074999932199717,55.8549988232553,29.359999127686024,9.159999769181011,12.98999970406294,15.20999991055578,10.064999691210687,5.554999924264848,82.64499831199646,124.34999716281892,99.3199981721118,11.789999790489674,3.0899998992681503,2.9099999144673347,148,23.2397518157959,5814.894668005603,0
1.354999952018261,2.934999890625477,52.55999870970845,21.6599995540455,6.1349998051300645,14.814999550580978,23.92999942228198,15.724999763071535,3.354999929666519,91.64999756217004,135.54999741911888,88.08999839425087,18.80499968212098,2.749999903142452,0.9299999829381704,440,12.55124282836914,2431.481030154256,0
0.4099999964237213,1.389999970793724,35.58499903231859,46.0699987411499,22.419999677687883,19.284999516792595,24.469999637454748,12.939999676309526,1.66499999538064,89.35499835759401,105.85999783873558,84.45499789714813,7.10499978531152,0.7899999842047691,5.9149998454377055,158,23.601821899414062,4501.599715656646,0
0.464999983087182,0.0,33.609999388456345,25.21499954815954,10.834999799728394,29.979999544098973,5.62499984819442,16.21999946795404,1.3999999687075615,83.7399981468916,158.61499631404877,92.7449980378151,25.97499928623438,1.9949999274685977,5.234999760985375,10,1.322195529937744,11692.76699502731,0
3.564999796450138,11.414999866858125,41.374998703598976,39.98499927669764,4.784999907016754,21.05499951913953,18.394999584183097,11.829999767243862,4.074999880976975,70.9849983714521,136.5349966287613,84.22499760240316,18.46499966178089,11.694999769330025,7.079999742098153,627,9.083148002624512,7002.606657524039,0
2.169999949634075,5.159999867901206,29.15499943122268,41.99999884516001,7.6399998646229506,23.264999579638243,18.549999598413702,14.679999761283398,2.0849999859929085,71.26999790966511,128.38999766111374,79.31499820202589,15.059999823570251,4.454999886453152,7.034999901428819,714,12.37470245361328,3736.054068131242,0
1.354999952018261,2.934999890625477,52.55999870970845,21.6599995540455,6.1349998051300645,14.814999550580978,23.92999942228198,15.724999763071535,3.354999929666519,91.64999756217004,135.54999741911888,88.08999839425087,18.80499968212098,2.749999903142452,0.9299999829381704,352,20.330141067504883,4819.18042824711,0
0.4099999964237213,1.389999970793724,35.58499903231859,46.0699987411499,22.419999677687883,19.284999516792595,24.469999637454748,12.939999676309526,1.66499999538064,89.35499835759401,105.85999783873558,84.45499789714813,7.10499978531152,0.7899999842047691,5.9149998454377055,89,10.524657249450684,3276.049450176233,0
0.0399999981746077,2.549999885261059,60.69999842252582,21.17499954253435,12.684999618679283,18.11499986052513,17.82999956700951,13.709999677725136,1.429999940097332,83.91999806463718,181.5199962258339,75.51999843120575,15.639999806880953,4.164999838918448,0.0,7,4.798149108886719,436.8065933568311,0
1.354999952018261,2.934999890625477,52.55999870970845,21.6599995540455,6.1349998051300645,14.814999550580978,23.92999942228198,15.724999763071535,3.354999929666519,91.64999756217004,135.54999741911888,88.08999839425087,18.80499968212098,2.749999903142452,0.9299999829381704,32,6.735757350921631,5643.350068886388,0
3.259999867528677,1.26999993622303,57.47999848797917,22.55999954789877,5.789999885484576,18.71999965701252,9.769999727606772,13.689999744296074,2.334999907761812,82.06999769806862,142.44999599456787,96.0099972859025,18.199999883770943,0.5999999782070518,2.6649999441578984,18,4.993392467498779,10602.612885510816,0
0.1349999904632568,0.0,12.499999706633387,14.664999623782933,6.619999775663018,39.324999143369496,4.794999876059592,15.81999958306551,11.519999934360383,91.62499766051768,170.07999601960182,88.88999731838703,15.039999544620514,3.7199999149888754,2.2649999232962728,9,2.100158452987671,2935.8644382872994,0
0.96499998960644,6.125,52.26499863527715,21.36999960057437,5.329999882727861,17.919999529607594,20.334999510087076,12.949999619275331,3.38999992236495,76.89999839663506,146.05999666452408,97.38499760627748,23.024999444372952,0.7849999833852053,0.7099999897181988,22,5.054506778717041,13913.338923493528,0
0.7699999697506428,5.32999986410141,52.12999873235822,34.70999921485782,12.779999762773514,17.179999381303787,27.51999955624342,17.474999494850636,1.2049999833106997,82.36499762535095,139.8949971795082,80.69999772310257,12.789999708533289,3.729999923147261,0.5349999815225601,25,0.9274099469184875,13868.99059052244,0
0.8700000010430813,2.83499988168478,28.43499935232103,44.05999930202961,6.8899997593835,20.399999354965985,18.15999935939908,14.83999965712428,1.9699999205768108,67.5449982881546,99.50999799370766,73.61999813653529,17.239999561570585,3.6249998938292265,5.804999891668558,481,22.649497985839844,4036.0872141221134,0
1.354999952018261,2.934999890625477,52.55999870970845,21.6599995540455,6.1349998051300645,14.814999550580978,23.92999942228198,15.724999763071535,3.354999929666519,91.64999756217004,135.54999741911888,88.08999839425087,18.80499968212098,2.749999903142452,0.9299999829381704,56,5.714509010314941,12243.89643863423,0
0.1999999955296516,0.0,27.579999309033155,20.20999930705875,11.274999603629112,36.50999907031655,6.29999977722764,17.829999540001154,5.544999832287431,86.48999812453985,177.05999505519867,89.6649977536872,14.034999651834369,3.319999974220991,2.969999933615327,23,10.025826454162598,1400.7141035914503,0
0.1999999955296516,0.0,27.579999309033155,20.20999930705875,11.274999603629112,36.50999907031655,6.29999977722764,17.829999540001154,5.544999832287431,86.48999812453985,177.05999505519867,89.6649977536872,14.034999651834369,3.319999974220991,2.969999933615327,9,2.1001198291778564,3824.617627946616,0
1.454999971203506,0.0,56.624998464249074,19.459999420680106,5.534999786876142,19.259999653324485,8.739999869838357,17.884999565780163,1.7349999565631151,90.14499779045582,149.77499732375145,96.41499831527472,20.48499973211437,0.7349999863654375,2.034999960102141,22,2.643152236938477,8418.942926519932,0
0.7699999697506428,5.32999986410141,52.12999873235822,34.70999921485782,12.779999762773514,17.179999381303787,27.51999955624342,17.474999494850636,1.2049999833106997,82.36499762535095,139.8949971795082,80.69999772310257,12.789999708533289,3.729999923147261,0.5349999815225601,7,2.1020829677581787,12871.71317268995,0
5.330000042915344,11.514999724924564,45.39499876648188,27.739999163895845,6.089999784715474,13.969999719411136,14.254999827593563,12.74499964620918,5.999999798834324,89.81999780610204,133.44999712705612,89.32499780505896,20.97499981429428,6.994999758899212,3.669999983161688,42,5.855312347412109,9908.405522585355,0
0.9450000021606684,3.434999853372574,69.47499806433916,20.19999949913472,3.299999882467091,20.964999715797603,16.414999606087804,10.00499976053834,10.049999583512545,71.14999805390835,143.64999637007713,98.83499819040298,18.24999938905239,2.454999979585409,0.1950000021606683,25,0.9431072473526,10513.063302387178,0
3.259999867528677,1.26999993622303,57.47999848797917,22.55999954789877,5.789999885484576,18.71999965701252,9.769999727606772,13.689999744296074,2.334999907761812,82.06999769806862,142.44999599456787,96.0099972859025,18.199999883770943,0.5999999782070518,2.6649999441578984,21,1.322334885597229,12889.844840028138,0
0.1999999955296516,0.0,27.579999309033155,20.20999930705875,11.274999603629112,36.50999907031655,6.29999977722764,17.829999540001154,5.544999832287431,86.48999812453985,177.05999505519867,89.6649977536872,14.034999651834369,3.319999974220991,2.969999933615327,6,4.721546649932861,750.0,0
1.4950000094249845,0.25,70.22999874129891,26.3899998255074,4.939999893307686,18.724999403581023,19.749999311752617,10.789999786764383,6.149999955669045,78.3849988207221,149.22999614477158,84.2349982559681,21.72999945655465,4.334999909624457,0.1899999976158142,8,2.101316213607788,569.2099788303083,0
0.1999999955296516,0.0,27.579999309033155,20.20999930705875,11.274999603629112,36.50999907031655,6.29999977722764,17.829999540001154,5.544999832287431,86.48999812453985,177.05999505519867,89.6649977536872,14.034999651834369,3.319999974220991,2.969999933615327,15,3.3569819927215576,1507.4813431681334,0
5.330000042915344,11.514999724924564,45.39499876648188,27.739999163895845,6.089999784715474,13.969999719411136,14.254999827593563,12.74499964620918,5.999999798834324,89.81999780610204,133.44999712705612,89.32499780505896,20.97499981429428,6.994999758899212,3.669999983161688,62,6.464860916137695,15120.29761611854,0
1.354999952018261,2.934999890625477,52.55999870970845,21.6599995540455,6.1349998051300645,14.814999550580978,23.92999942228198,15.724999763071535,3.354999929666519,91.64999756217004,135.54999741911888,88.08999839425087,18.80499968212098,2.749999903142452,0.9299999829381704,23,7.886290073394775,10319.52033769012,0
0.464999983087182,0.0,33.609999388456345,25.21499954815954,10.834999799728394,29.979999544098973,5.62499984819442,16.21999946795404,1.3999999687075615,83.7399981468916,158.61499631404877,92.7449980378151,25.97499928623438,1.9949999274685977,5.234999760985375,20,2.825468063354492,9619.901246894377,0
0.7950000092387199,3.189999938011169,56.21999865211546,14.864999748766422,1.6849999874830246,23.04499962646514,12.98999961093068,11.25999952107668,9.249999962747095,82.68999804742634,155.90499687194824,95.3399977684021,21.32999949902296,2.3549999175593257,0.0949999988079071,11,4.196749687194824,1890.0,0
2.169999949634075,5.159999867901206,29.15499943122268,41.99999884516001,7.6399998646229506,23.264999579638243,18.549999598413702,14.679999761283398,2.0849999859929085,71.26999790966511,128.38999766111374,79.31499820202589,15.059999823570251,4.454999886453152,7.034999901428819,668,25.381351470947266,3736.054068131242,0
1.454999971203506,0.0,56.624998464249074,19.459999420680106,5.534999786876142,19.259999653324485,8.739999869838357,17.884999565780163,1.7349999565631151,90.14499779045582,149.77499732375145,96.41499831527472,20.48499973211437,0.7349999863654375,2.034999960102141,-2,2.7802884578704834,11526.95102791714,0
2.2999998619779944,4.824999824166298,39.05499912798405,37.61999933421612,26.469999361783263,14.069999636150897,18.8449993096292,16.214999719522893,4.4449998661875725,85.86499777436256,109.76999720931052,86.74499779939651,10.59999979287386,3.694999997504056,2.629999965429306,245,26.209867477416992,4280.864398693329,0
0.7450000066310167,3.004999889992177,41.589998967945576,26.039999252185225,12.41499961912632,28.7949992865324,6.174999850802124,18.75999940931797,2.5299999667331576,82.14499843120575,149.94999766349792,91.82499812543392,21.614999651908875,5.60999983549118,5.359999924898148,71,3.822174310684204,11828.144402229796,0
0.4099999964237213,1.389999970793724,35.58499903231859,46.0699987411499,22.419999677687883,19.284999516792595,24.469999637454748,12.939999676309526,1.66499999538064,89.35499835759401,105.85999783873558,84.45499789714813,7.10499978531152,0.7899999842047691,5.9149998454377055,34,3.358550310134888,6519.946318797418,0
5.330000042915344,11.514999724924564,45.39499876648188,27.739999163895845,6.089999784715474,13.969999719411136,14.254999827593563,12.74499964620918,5.999999798834324,89.81999780610204,133.44999712705612,89.32499780505896,20.97499981429428,6.994999758899212,3.669999983161688,63,9.182690620422363,4968.148548503758,0
1.4950000094249845,0.25,70.22999874129891,26.3899998255074,4.939999893307686,18.724999403581023,19.749999311752617,10.789999786764383,6.149999955669045,78.3849988207221,149.22999614477158,84.2349982559681,21.72999945655465,4.334999909624457,0.1899999976158142,21,3.358189821243286,5479.498152203357,0
3.564999796450138,11.414999866858125,41.374998703598976,39.98499927669764,4.784999907016754,21.05499951913953,18.394999584183097,11.829999767243862,4.074999880976975,70.9849983714521,136.5349966287613,84.22499760240316,18.46499966178089,11.694999769330025,7.079999742098153,687,13.058513641357422,7891.767862779544,0
0.1349999904632568,0.0,12.499999706633387,14.664999623782933,6.619999775663018,39.324999143369496,4.794999876059592,15.81999958306551,11.519999934360383,91.62499766051768,170.07999601960182,88.88999731838703,15.039999544620514,3.7199999149888754,2.2649999232962728,2,1.3221631050109863,1033.1505214633537,0
0.179999990388751,1.829999953508377,32.339999333024025,46.26999911479652,15.929999481886624,22.52499930933118,11.739999607205393,13.324999619275331,4.98499983176589,63.95499865710735,98.37499797344208,75.52999862283468,19.394999695010483,4.639999859966338,4.624999881722033,910,22.15060043334961,2130.844902849572,0
2.169999949634075,5.159999867901206,29.15499943122268,41.99999884516001,7.6399998646229506,23.264999579638243,18.549999598413702,14.679999761283398,2.0849999859929085,71.26999790966511,128.38999766111374,79.31499820202589,15.059999823570251,4.454999886453152,7.034999901428819,634,12.732284545898438,2073.475343475297,0
5.330000042915344,11.514999724924564,45.39499876648188,27.739999163895845,6.089999784715474,13.969999719411136,14.254999827593563,12.74499964620918,5.999999798834324,89.81999780610204,133.44999712705612,89.32499780505896,20.97499981429428,6.994999758899212,3.669999983161688,93,9.832221031188965,14690.844087389942,0
3.564999796450138,11.414999866858125,41.374998703598976,39.98499927669764,4.784999907016754,21.05499951913953,18.394999584183097,11.829999767243862,4.074999880976975,70.9849983714521,136.5349966287613,84.22499760240316,18.46499966178089,11.694999769330025,7.079999742098153,211,26.69776725769043,9564.543899214432,0
0.9149999665096402,10.024999774992466,25.40499931573868,54.314999386668205,27.379999242722988,14.724999805912375,29.079999428242445,17.0849996432662,3.9099998865276575,100.60499780625103,110.02499678730965,67.47999823093414,5.699999783188105,9.489999637007712,1.9649999290704727,55,7.258274555206299,28027.03337850797,0
1.1099999845027924,2.299999937415123,21.39999944344163,52.22999897226691,32.154998956248164,18.78499966207892,15.52999968919903,12.67499977350235,2.994999905116856,91.38499776273966,100.44499784708024,81.26999783609062,7.574999794363975,0.9549999833106996,7.259999795816839,78,2.9769997596740723,12340.214746915874,0
3.564999796450138,11.414999866858125,41.374998703598976,39.98499927669764,4.784999907016754,21.05499951913953,18.394999584183097,11.829999767243862,4.074999880976975,70.9849983714521,136.5349966287613,84.22499760240316,18.46499966178089,11.694999769330025,7.079999742098153,342,26.950664520263672,10014.249847092891,0
0.1349999904632568,0.0,12.499999706633387,14.664999623782933,6.619999775663018,39.324999143369496,4.794999876059592,15.81999958306551,11.519999934360383,91.62499766051768,170.07999601960182,88.88999731838703,15.039999544620514,3.7199999149888754,2.2649999232962728,10,3.3778250217437744,1945.379140424817,0
0.96499998960644,6.125,52.26499863527715,21.36999960057437,5.329999882727861,17.919999529607594,20.334999510087076,12.949999619275331,3.38999992236495,76.89999839663506,146.05999666452408,97.38499760627748,23.024999444372952,0.7849999833852053,0.7099999897181988,21,2.101252317428589,13310.4019473493,0
0.4099999964237213,1.389999970793724,35.58499903231859,46.0699987411499,22.419999677687883,19.284999516792595,24.469999637454748,12.939999676309526,1.66499999538064,89.35499835759401,105.85999783873558,84.45499789714813,7.10499978531152,0.7899999842047691,5.9149998454377055,62,9.500524520874023,2227.4873737015887,0
0.7699999697506428,5.32999986410141,52.12999873235822,34.70999921485782,12.779999762773514,17.179999381303787,27.51999955624342,17.474999494850636,1.2049999833106997,82.36499762535095,139.8949971795082,80.69999772310257,12.789999708533289,3.729999923147261,0.5349999815225601,23,2.1020660400390625,13026.012436659194,0
1.4450000077486038,5.9949998408555984,58.44499818235636,30.804999326355755,6.424999833106995,18.969999758526683,23.634999439120293,10.67499978095293,2.4599998965859413,69.51499853283167,147.8749977350235,81.4599983394146,18.779999759048223,4.139999814331532,0.8099999744445086,14,2.975913047790528,6939.603735084591,0
2.4599998937919736,1.6299999505281448,48.83499883115292,27.65499935299158,21.894999419339,19.079999521374702,29.53499932959676,14.55499972961843,3.269999846816063,83.30999729037285,114.55499777197838,78.964998036623,10.634999782778324,4.33499982021749,0.5499999858438969,98,5.716304779052734,5576.531179864414,0
5.330000042915344,11.514999724924564,45.39499876648188,27.739999163895845,6.089999784715474,13.969999719411136,14.254999827593563,12.74499964620918,5.999999798834324,89.81999780610204,133.44999712705612,89.32499780505896,20.97499981429428,6.994999758899212,3.669999983161688,243,21.091854095458984,4774.620403759864,0
0.8700000010430813,2.83499988168478,28.43499935232103,44.05999930202961,6.8899997593835,20.399999354965985,18.15999935939908,14.83999965712428,1.9699999205768108,67.5449982881546,99.50999799370766,73.61999813653529,17.239999561570585,3.6249998938292265,5.804999891668558,480,8.28909969329834,1893.805692250396,0
3.5999999046325684,14.549999453127384,36.924999402835965,33.90499905869365,9.599999714642763,20.259999781847,16.23999953828752,11.704999715089798,5.144999816082418,72.61499796807766,111.5549976825714,87.08999818563461,12.86999961733818,8.824999764561653,6.29499988257885,318,21.672304153442383,3181.273329973393,0
3.259999867528677,1.26999993622303,57.47999848797917,22.55999954789877,5.789999885484576,18.71999965701252,9.769999727606772,13.689999744296074,2.334999907761812,82.06999769806862,142.44999599456787,96.0099972859025,18.199999883770943,0.5999999782070518,2.6649999441578984,12,3.82224178314209,15109.4308297831,0
0.4349999846890569,0.2699999809265136,17.074999710544944,43.87499918788672,12.844999495893717,17.869999554939568,15.424999584443867,12.57499971985817,2.5199999175965786,64.2299984600395,81.95499869808555,61.37999827601016,19.259999610483646,1.114999946206808,3.629999928176403,933,12.4857177734375,456.9463863518345,0
0.7699999697506428,5.32999986410141,52.12999873235822,34.70999921485782,12.779999762773514,17.179999381303787,27.51999955624342,17.474999494850636,1.2049999833106997,82.36499762535095,139.8949971795082,80.69999772310257,12.789999708533289,3.729999923147261,0.5349999815225601,19,5.460790634155273,14988.295433437384,0
0.9450000021606684,3.434999853372574,69.47499806433916,20.19999949913472,3.299999882467091,20.964999715797603,16.414999606087804,10.00499976053834,10.049999583512545,71.14999805390835,143.64999637007713,98.83499819040298,18.24999938905239,2.454999979585409,0.1950000021606683,15,4.676853179931641,8590.273569566922,0
0.1999999955296516,0.0,27.579999309033155,20.20999930705875,11.274999603629112,36.50999907031655,6.29999977722764,17.829999540001154,5.544999832287431,86.48999812453985,177.05999505519867,89.6649977536872,14.034999651834369,3.319999974220991,2.969999933615327,14,3.961021661758423,4845.162535973381,0
3.259999867528677,1.26999993622303,57.47999848797917,22.55999954789877,5.789999885484576,18.71999965701252,9.769999727606772,13.689999744296074,2.334999907761812,82.06999769806862,142.44999599456787,96.0099972859025,18.199999883770943,0.5999999782070518,2.6649999441578984,35,6.69179630279541,14893.36093700814,0
0.9149999665096402,10.024999774992466,25.40499931573868,54.314999386668205,27.379999242722988,14.724999805912375,29.079999428242445,17.0849996432662,3.9099998865276575,100.60499780625103,110.02499678730965,67.47999823093414,5.699999783188105,9.489999637007712,1.9649999290704727,74,7.611275672912598,11285.264728839991,0
0.1999999955296516,0.0,27.579999309033155,20.20999930705875,11.274999603629112,36.50999907031655,6.29999977722764,17.829999540001154,5.544999832287431,86.48999812453985,177.05999505519867,89.6649977536872,14.034999651834369,3.319999974220991,2.969999933615327,11,1.3221330642700195,792.5906888173744,0
0.1999999955296516,0.0,27.579999309033155,20.20999930705875,11.274999603629112,36.50999907031655,6.29999977722764,17.829999540001154,5.544999832287431,86.48999812453985,177.05999505519867,89.6649977536872,14.034999651834369,3.319999974220991,2.969999933615327,3,3.3776168823242188,384.1874542459709,0
3.259999867528677,1.26999993622303,57.47999848797917,22.55999954789877,5.789999885484576,18.71999965701252,9.769999727606772,13.689999744296074,2.334999907761812,82.06999769806862,142.44999599456787,96.0099972859025,18.199999883770943,0.5999999782070518,2.6649999441578984,9,5.053129196166992,14125.954834983722,0
1.4950000094249845,0.25,70.22999874129891,26.3899998255074,4.939999893307686,18.724999403581023,19.749999311752617,10.789999786764383,6.149999955669045,78.3849988207221,149.22999614477158,84.2349982559681,21.72999945655465,4.334999909624457,0.1899999976158142,8,2.080133438110352,1252.8367810692662,0
0.9450000021606684,3.434999853372574,69.47499806433916,20.19999949913472,3.299999882467091,20.964999715797603,16.414999606087804,10.00499976053834,10.049999583512545,71.14999805390835,143.64999637007713,98.83499819040298,18.24999938905239,2.454999979585409,0.1950000021606683,11,1.854334115982056,3420.526275297414,0
0.464999983087182,0.0,33.609999388456345,25.21499954815954,10.834999799728394,29.979999544098973,5.62499984819442,16.21999946795404,1.3999999687075615,83.7399981468916,158.61499631404877,92.7449980378151,25.97499928623438,1.9949999274685977,5.234999760985375,4,5.637679100036621,6784.578100368512,0
3.4899999536573887,8.074999932199717,55.8549988232553,29.359999127686024,9.159999769181011,12.98999970406294,15.20999991055578,10.064999691210687,5.554999924264848,82.64499831199646,124.34999716281892,99.3199981721118,11.789999790489674,3.0899998992681503,2.9099999144673347,120,21.02242851257324,364.96575181789314,0
2.4599998937919736,1.6299999505281448,48.83499883115292,27.65499935299158,21.894999419339,19.079999521374702,29.53499932959676,14.55499972961843,3.269999846816063,83.30999729037285,114.55499777197838,78.964998036623,10.634999782778324,4.33499982021749,0.5499999858438969,69,16.852331161499023,2552.645686341918,0
0.7699999697506428,5.32999986410141,52.12999873235822,34.70999921485782,12.779999762773514,17.179999381303787,27.51999955624342,17.474999494850636,1.2049999833106997,82.36499762535095,139.8949971795082,80.69999772310257,12.789999708533289,3.729999923147261,0.5349999815225601,9,6.640522003173828,15953.062401933992,0
0.1999999918043613,2.229999938979745,60.16499868780375,28.77999936416745,8.374999765306711,18.86499946564436,32.88999926485121,21.244999303482476,1.7299999622628093,74.91999852657318,149.07999622821808,82.01999807357788,20.46999940276146,15.969999508932233,0.0299999983981251,18,2.1020474433898926,7467.529712026595,0
0.1349999904632568,0.0,12.499999706633387,14.664999623782933,6.619999775663018,39.324999143369496,4.794999876059592,15.81999958306551,11.519999934360383,91.62499766051768,170.07999601960182,88.88999731838703,15.039999544620514,3.7199999149888754,2.2649999232962728,13,0.9274099469184875,812.219182240853,0
3.564999796450138,11.414999866858125,41.374998703598976,39.98499927669764,4.784999907016754,21.05499951913953,18.394999584183097,11.829999767243862,4.074999880976975,70.9849983714521,136.5349966287613,84.22499760240316,18.46499966178089,11.694999769330025,7.079999742098153,144,15.196189880371094,5968.869239646652,0
0.7699999697506428,5.32999986410141,52.12999873235822,34.70999921485782,12.779999762773514,17.179999381303787,27.51999955624342,17.474999494850636,1.2049999833106997,82.36499762535095,139.8949971795082,80.69999772310257,12.789999708533289,3.729999923147261,0.5349999815225601,26,3.822455644607544,13280.65133944868,0
5.330000042915344,11.514999724924564,45.39499876648188,27.739999163895845,6.089999784715474,13.969999719411136,14.254999827593563,12.74499964620918,5.999999798834324,89.81999780610204,133.44999712705612,89.32499780505896,20.97499981429428,6.994999758899212,3.669999983161688,57,7.126278400421143,5668.730016502815,0
1.4950000094249845,0.25,70.22999874129891,26.3899998255074,4.939999893307686,18.724999403581023,19.749999311752617,10.789999786764383,6.149999955669045,78.3849988207221,149.22999614477158,84.2349982559681,21.72999945655465,4.334999909624457,0.1899999976158142,4,0.9274099469184875,1865.0737250843465,0
0.9149999665096402,10.024999774992466,25.40499931573868,54.314999386668205,27.379999242722988,14.724999805912375,29.079999428242445,17.0849996432662,3.9099998865276575,100.60499780625103,110.02499678730965,67.47999823093414,5.699999783188105,9.489999637007712,1.9649999290704727,109,11.79109001159668,10443.792414635596,0
0.1999999955296516,0.0,27.579999309033155,20.20999930705875,11.274999603629112,36.50999907031655,6.29999977722764,17.829999540001154,5.544999832287431,86.48999812453985,177.05999505519867,89.6649977536872,14.034999651834369,3.319999974220991,2.969999933615327,17,2.1000218391418457,2105.35032714273,0
1.6299999775364995,4.489999949932098,49.09499913454056,26.719999155960977,13.549999743700027,17.644999464973807,31.22499937005341,14.979999769479036,2.2649999484419823,83.23499834537506,131.1899970471859,84.39499805867672,14.554999594576657,5.894999794661999,1.1699999812990427,24,2.9354844093322754,11661.35926897032,0
2.2999998619779944,4.824999824166298,39.05499912798405,37.61999933421612,26.469999361783263,14.069999636150897,18.8449993096292,16.214999719522893,4.4449998661875725,85.86499777436256,109.76999720931052,86.74499779939651,10.59999979287386,3.694999997504056,2.629999965429306,114,7.530725479125977,530.7541803886239,0
0.9450000021606684,3.434999853372574,69.47499806433916,20.19999949913472,3.299999882467091,20.964999715797603,16.414999606087804,10.00499976053834,10.049999583512545,71.14999805390835,143.64999637007713,98.83499819040298,18.24999938905239,2.454999979585409,0.1950000021606683,11,1.322526216506958,4104.741161145244,0
0.1999999918043613,2.229999938979745,60.16499868780375,28.77999936416745,8.374999765306711,18.86499946564436,32.88999926485121,21.244999303482476,1.7299999622628093,74.91999852657318,149.07999622821808,82.01999807357788,20.46999940276146,15.969999508932233,0.0299999983981251,4,6.693870544433594,9719.675920523276,0
1.6299999775364995,4.489999949932098,49.09499913454056,26.719999155960977,13.549999743700027,17.644999464973807,31.22499937005341,14.979999769479036,2.2649999484419823,83.23499834537506,131.1899970471859,84.39499805867672,14.554999594576657,5.894999794661999,1.1699999812990427,4,8.549208641052246,11881.28780898771,0
0.4799999818205833,1.9499999284744265,42.98499861173332,15.154999777674677,3.079999908804893,25.349999661557376,7.754999768920243,13.574999453499911,8.509999888949096,80.81999841332436,147.48499682545662,100.33999712765215,16.249999698251486,1.8549999492242928,0.7199999922886491,13,3.765789747238159,5587.817105095693,0
1.4950000094249845,0.25,70.22999874129891,26.3899998255074,4.939999893307686,18.724999403581023,19.749999311752617,10.789999786764383,6.149999955669045,78.3849988207221,149.22999614477158,84.2349982559681,21.72999945655465,4.334999909624457,0.1899999976158142,6,9.500221252441406,1288.6038956948717,0
2.7699998561292887,5.034999876283109,36.27999928593636,41.85499883629382,18.5799994841218,18.73499954212457,35.92999917268753,19.49999949336052,2.7399999126791954,86.74499855935574,131.47499710321426,80.69499787688255,12.1949996445328,23.019999233074486,0.609999974258244,15,5.462138652801514,13881.444449335955,0
1.4950000094249845,0.25,70.22999874129891,26.3899998255074,4.939999893307686,18.724999403581023,19.749999311752617,10.789999786764383,6.149999955669045,78.3849988207221,149.22999614477158,84.2349982559681,21.72999945655465,4.334999909624457,0.1899999976158142,40,9.527599334716797,6506.957814524388,0
0.4799999818205833,1.9499999284744265,42.98499861173332,15.154999777674677,3.079999908804893,25.349999661557376,7.754999768920243,13.574999453499911,8.509999888949096,80.81999841332436,147.48499682545662,100.33999712765215,16.249999698251486,1.8549999492242928,0.7199999922886491,18,0.0,6935.971453228452,0
0.4799999818205833,1.9499999284744265,42.98499861173332,15.154999777674677,3.079999908804893,25.349999661557376,7.754999768920243,13.574999453499911,8.509999888949096,80.81999841332436,147.48499682545662,100.33999712765215,16.249999698251486,1.8549999492242928,0.7199999922886491,5,0.9274099469184875,6460.874553804616,0
2.4599998937919736,1.6299999505281448,48.83499883115292,27.65499935299158,21.894999419339,19.079999521374702,29.53499932959676,14.55499972961843,3.269999846816063,83.30999729037285,114.55499777197838,78.964998036623,10.634999782778324,4.33499982021749,0.5499999858438969,107,20.54149055480957,3987.4051712862088,0
1.4450000077486038,5.9949998408555984,58.44499818235636,30.804999326355755,6.424999833106995,18.969999758526683,23.634999439120293,10.67499978095293,2.4599998965859413,69.51499853283167,147.8749977350235,81.4599983394146,18.779999759048223,4.139999814331532,0.8099999744445086,2,2.080184936523437,3881.262681138705,0
0.464999983087182,0.0,33.609999388456345,25.21499954815954,10.834999799728394,29.979999544098973,5.62499984819442,16.21999946795404,1.3999999687075615,83.7399981468916,158.61499631404877,92.7449980378151,25.97499928623438,1.9949999274685977,5.234999760985375,3,2.7802884578704834,6343.91834751993,0
3.564999796450138,11.414999866858125,41.374998703598976,39.98499927669764,4.784999907016754,21.05499951913953,18.394999584183097,11.829999767243862,4.074999880976975,70.9849983714521,136.5349966287613,84.22499760240316,18.46499966178089,11.694999769330025,7.079999742098153,407,25.99184226989746,9806.513141784904,0
5.914999812841415,3.7049999833107,15.599999703466892,77.54999861586839,48.0849987231195,15.819999539293349,19.829999450594187,12.214999719522892,1.559999942779541,93.08499698340891,85.58499828726053,55.90499835833907,3.324999962002039,0.1049999967217445,2.459999917075038,42,4.799118518829346,16419.074273539296,0
1.354999952018261,2.934999890625477,52.55999870970845,21.6599995540455,6.1349998051300645,14.814999550580978,23.92999942228198,15.724999763071535,3.354999929666519,91.64999756217004,135.54999741911888,88.08999839425087,18.80499968212098,2.749999903142452,0.9299999829381704,99,23.42025375366211,6567.465264468477,0
0.1999999955296516,0.0,27.579999309033155,20.20999930705875,11.274999603629112,36.50999907031655,6.29999977722764,17.829999540001154,5.544999832287431,86.48999812453985,177.05999505519867,89.6649977536872,14.034999651834369,3.319999974220991,2.969999933615327,28,1.854334115982056,2750.3636123247416,0
1.454999971203506,0.0,56.624998464249074,19.459999420680106,5.534999786876142,19.259999653324485,8.739999869838357,17.884999565780163,1.7349999565631151,90.14499779045582,149.77499732375145,96.41499831527472,20.48499973211437,0.7349999863654375,2.034999960102141,21,2.643392324447632,14717.0105660083,0
0.1349999904632568,0.0,12.499999706633387,14.664999623782933,6.619999775663018,39.324999143369496,4.794999876059592,15.81999958306551,11.519999934360383,91.62499766051768,170.07999601960182,88.88999731838703,15.039999544620514,3.7199999149888754,2.2649999232962728,7,0.9274099469184875,764.8529270389178,0
3.564999796450138,11.414999866858125,41.374998703598976,39.98499927669764,4.784999907016754,21.05499951913953,18.394999584183097,11.829999767243862,4.074999880976975,70.9849983714521,136.5349966287613,84.22499760240316,18.46499966178089,11.694999769330025,7.079999742098153,275,18.775115966796875,10976.228860587777,0
1.9499999731779096,0.2849999964237213,8.334999866783619,14.339999571442604,5.439999853260815,37.84499921742827,3.579999886453152,12.669999744743109,12.544999726116655,95.0249973833561,171.1149960756302,82.13999795913696,12.584999695420263,7.479999788105488,1.2099999878555536,9,2.0996525287628174,844.8076704197234,0
1.4450000077486038,5.9949998408555984,58.44499818235636,30.804999326355755,6.424999833106995,18.969999758526683,23.634999439120293,10.67499978095293,2.4599998965859413,69.51499853283167,147.8749977350235,81.4599983394146,18.779999759048223,4.139999814331532,0.8099999744445086,-1,2.0801894664764404,7879.555825044962,0
1.2099999831989408,1.0599999651312828,29.339999362826347,35.41999903321266,20.929999481886625,18.849999444559216,28.46999967470765,14.269999580457808,1.6849999725818634,89.54499815404415,124.12999773025513,91.05999806523324,10.634999693371356,4.929999887943268,0.7949999701231718,75,2.9355742931365967,1741.551032843999,0
0.96499998960644,6.125,52.26499863527715,21.36999960057437,5.329999882727861,17.919999529607594,20.334999510087076,12.949999619275331,3.38999992236495,76.89999839663506,146.05999666452408,97.38499760627748,23.024999444372952,0.7849999833852053,0.7099999897181988,31,3.962031841278076,11413.965130488175,0
5.444999858736992,4.329999953508377,25.829999282956123,70.9799986872822,29.499999433755875,14.254999565891922,25.63999940827489,13.069999652914705,5.254999836906791,98.53499687463044,94.66499811876564,68.40499864518642,2.9599999245256186,2.6099999621510506,2.760000001639128,37,5.462400913238525,10015.193457941788,0
2.4599998937919736,1.6299999505281448,48.83499883115292,27.65499935299158,21.894999419339,19.079999521374702,29.53499932959676,14.55499972961843,3.269999846816063,83.30999729037285,114.55499777197838,78.964998036623,10.634999782778324,4.33499982021749,0.5499999858438969,98,2.08016300201416,2028.0532537386684,0
0.96499998960644,6.125,52.26499863527715,21.36999960057437,5.329999882727861,17.919999529607594,20.334999510087076,12.949999619275331,3.38999992236495,76.89999839663506,146.05999666452408,97.38499760627748,23.024999444372952,0.7849999833852053,0.7099999897181988,7,2.935359477996826,17088.654130738323,0
1.454999971203506,0.0,56.624998464249074,19.459999420680106,5.534999786876142,19.259999653324485,8.739999869838357,17.884999565780163,1.7349999565631151,90.14499779045582,149.77499732375145,96.41499831527472,20.48499973211437,0.7349999863654375,2.034999960102141,19,9.853330612182615,9554.187563576506,0
3.259999867528677,1.26999993622303,57.47999848797917,22.55999954789877,5.789999885484576,18.71999965701252,9.769999727606772,13.689999744296074,2.334999907761812,82.06999769806862,142.44999599456787,96.0099972859025,18.199999883770943,0.5999999782070518,2.6649999441578984,184,29.22419548034668,12346.375986499032,0
2.4599998937919736,1.6299999505281448,48.83499883115292,27.65499935299158,21.894999419339,19.079999521374702,29.53499932959676,14.55499972961843,3.269999846816063,83.30999729037285,114.55499777197838,78.964998036623,10.634999782778324,4.33499982021749,0.5499999858438969,47,13.058748245239258,4420.192303508977,0
0.1999999918043613,2.229999938979745,60.16499868780375,28.77999936416745,8.374999765306711,18.86499946564436,32.88999926485121,21.244999303482476,1.7299999622628093,74.91999852657318,149.07999622821808,82.01999807357788,20.46999940276146,15.969999508932233,0.0299999983981251,24,3.380830764770508,9356.778291698483,0
0.4099999964237213,1.389999970793724,35.58499903231859,46.0699987411499,22.419999677687883,19.284999516792595,24.469999637454748,12.939999676309526,1.66499999538064,89.35499835759401,105.85999783873558,84.45499789714813,7.10499978531152,0.7899999842047691,5.9149998454377055,184,26.223339080810547,2316.031087874254,0
1.454999971203506,0.0,56.624998464249074,19.459999420680106,5.534999786876142,19.259999653324485,8.739999869838357,17.884999565780163,1.7349999565631151,90.14499779045582,149.77499732375145,96.41499831527472,20.48499973211437,0.7349999863654375,2.034999960102141,0,5.415675163269043,6739.0577976450095,0
3.5999999046325684,14.549999453127384,36.924999402835965,33.90499905869365,9.599999714642763,20.259999781847,16.23999953828752,11.704999715089798,5.144999816082418,72.61499796807766,111.5549976825714,87.08999818563461,12.86999961733818,8.824999764561653,6.29499988257885,350,26.51475524902344,2221.823575354262,0
1.454999971203506,0.0,56.624998464249074,19.459999420680106,5.534999786876142,19.259999653324485,8.739999869838357,17.884999565780163,1.7349999565631151,90.14499779045582,149.77499732375145,96.41499831527472,20.48499973211437,0.7349999863654375,2.034999960102141,12,2.935269355773926,6359.43393707333,0
0.9149999665096402,10.024999774992466,25.40499931573868,54.314999386668205,27.379999242722988,14.724999805912375,29.079999428242445,17.0849996432662,3.9099998865276575,100.60499780625103,110.02499678730965,67.47999823093414,5.699999783188105,9.489999637007712,1.9649999290704727,36,5.720836639404297,29022.174281056203,0
3.259999867528677,1.26999993622303,57.47999848797917,22.55999954789877,5.789999885484576,18.71999965701252,9.769999727606772,13.689999744296074,2.334999907761812,82.06999769806862,142.44999599456787,96.0099972859025,18.199999883770943,0.5999999782070518,2.6649999441578984,11,2.0799574851989746,14883.205299934554,0
2.4599998937919736,1.6299999505281448,48.83499883115292,27.65499935299158,21.894999419339,19.079999521374702,29.53499932959676,14.55499972961843,3.269999846816063,83.30999729037285,114.55499777197838,78.964998036623,10.634999782778324,4.33499982021749,0.5499999858438969,27,1.3227192163467407,4328.4292763079775,0
0.8700000010430813,2.83499988168478,28.43499935232103,44.05999930202961,6.8899997593835,20.399999354965985,18.15999935939908,14.83999965712428,1.9699999205768108,67.5449982881546,99.50999799370766,73.61999813653529,17.239999561570585,3.6249998938292265,5.804999891668558,746,17.901844024658203,3595.6223383442257,0
3.259999867528677,1.26999993622303,57.47999848797917,22.55999954789877,5.789999885484576,18.71999965701252,9.769999727606772,13.689999744296074,2.334999907761812,82.06999769806862,142.44999599456787,96.0099972859025,18.199999883770943,0.5999999782070518,2.6649999441578984,36,4.194925785064697,9503.5151391472,0
2.169999949634075,5.159999867901206,29.15499943122268,41.99999884516001,7.6399998646229506,23.264999579638243,18.549999598413702,14.679999761283398,2.0849999859929085,71.26999790966511,128.38999766111374,79.31499820202589,15.059999823570251,4.454999886453152,7.034999901428819,507,9.195145606994627,1855.3975315279472,0
1.354999952018261,2.934999890625477,52.55999870970845,21.6599995540455,6.1349998051300645,14.814999550580978,23.92999942228198,15.724999763071535,3.354999929666519,91.64999756217004,135.54999741911888,88.08999839425087,18.80499968212098,2.749999903142452,0.9299999829381704,211,24.30954933166504,6359.43393707333,0
1.2099999831989408,1.0599999651312828,29.339999362826347,35.41999903321266,20.929999481886625,18.849999444559216,28.46999967470765,14.269999580457808,1.6849999725818634,89.54499815404415,124.12999773025513,91.05999806523324,10.634999693371356,4.929999887943268,0.7949999701231718,41,8.34116268157959,4383.697069825879,0
0.1999999955296516,0.0,27.579999309033155,20.20999930705875,11.274999603629112,36.50999907031655,6.29999977722764,17.829999540001154,5.544999832287431,86.48999812453985,177.05999505519867,89.6649977536872,14.034999651834369,3.319999974220991,2.969999933615327,10,2.079726457595825,5128.508555125944,0
2.169999949634075,5.159999867901206,29.15499943122268,41.99999884516001,7.6399998646229506,23.264999579638243,18.549999598413702,14.679999761283398,2.0849999859929085,71.26999790966511,128.38999766111374,79.31499820202589,15.059999823570251,4.454999886453152,7.034999901428819,675,9.388484954833984,2544.3466744922957,0
5.330000042915344,11.514999724924564,45.39499876648188,27.739999163895845,6.089999784715474,13.969999719411136,14.254999827593563,12.74499964620918,5.999999798834324,89.81999780610204,133.44999712705612,89.32499780505896,20.97499981429428,6.994999758899212,3.669999983161688,284,20.537500381469727,13898.291261878205,0
1.6299999775364995,4.489999949932098,49.09499913454056,26.719999155960977,13.549999743700027,17.644999464973807,31.22499937005341,14.979999769479036,2.2649999484419823,83.23499834537506,131.1899970471859,84.39499805867672,14.554999594576657,5.894999794661999,1.1699999812990427,15,5.416744709014893,10667.520799136038,0
0.7450000066310167,3.004999889992177,41.589998967945576,26.039999252185225,12.41499961912632,28.7949992865324,6.174999850802124,18.75999940931797,2.5299999667331576,82.14499843120575,149.94999766349792,91.82499812543392,21.614999651908875,5.60999983549118,5.359999924898148,99,11.49209690093994,9966.684503885934,0
1.6299999775364995,4.489999949932098,49.09499913454056,26.719999155960977,13.549999743700027,17.644999464973807,31.22499937005341,14.979999769479036,2.2649999484419823,83.23499834537506,131.1899970471859,84.39499805867672,14.554999594576657,5.894999794661999,1.1699999812990427,38,2.0802605152130127,17029.77686289518,0
5.444999858736992,4.329999953508377,25.829999282956123,70.9799986872822,29.499999433755875,14.254999565891922,25.63999940827489,13.069999652914705,5.254999836906791,98.53499687463044,94.66499811876564,68.40499864518642,2.9599999245256186,2.6099999621510506,2.760000001639128,69,3.3587646484375,14839.420473859482,0
1.354999952018261,2.934999890625477,52.55999870970845,21.6599995540455,6.1349998051300645,14.814999550580978,23.92999942228198,15.724999763071535,3.354999929666519,91.64999756217004,135.54999741911888,88.08999839425087,18.80499968212098,2.749999903142452,0.9299999829381704,48,10.264113426208496,7755.217598494577,0
0.5099999839439988,3.3499999726191163,37.83999923616648,33.469998978078365,11.209999710321426,25.674999576993287,8.35999970510602,13.214999770745637,6.264999861828983,87.38999851420522,137.2549970149994,98.37999780476092,21.394999589771032,7.4199998043477535,7.279999871738255,325,13.058371543884276,4413.671940686122,0
0.9450000021606684,3.434999853372574,69.47499806433916,20.19999949913472,3.299999882467091,20.964999715797603,16.414999606087804,10.00499976053834,10.049999583512545,71.14999805390835,143.64999637007713,98.83499819040298,18.24999938905239,2.454999979585409,0.1950000021606683,9,4.196475028991699,1233.288287465668,0
1.2099999831989408,1.0599999651312828,29.339999362826347,35.41999903321266,20.929999481886625,18.849999444559216,28.46999967470765,14.269999580457808,1.6849999725818634,89.54499815404415,124.12999773025513,91.05999806523324,10.634999693371356,4.929999887943268,0.7949999701231718,33,3.3806073665618896,17312.52148013108,0
0.179999990388751,1.829999953508377,32.339999333024025,46.26999911479652,15.929999481886624,22.52499930933118,11.739999607205393,13.324999619275331,4.98499983176589,63.95499865710735,98.37499797344208,75.52999862283468,19.394999695010483,4.639999859966338,4.624999881722033,893,21.01952743530273,1077.0793842609744,0
0.7450000066310167,3.004999889992177,41.589998967945576,26.039999252185225,12.41499961912632,28.7949992865324,6.174999850802124,18.75999940931797,2.5299999667331576,82.14499843120575,149.94999766349792,91.82499812543392,21.614999651908875,5.60999983549118,5.359999924898148,55,4.154220581054688,11488.864173624825,0
1.354999952018261,2.934999890625477,52.55999870970845,21.6599995540455,6.1349998051300645,14.814999550580978,23.92999942228198,15.724999763071535,3.354999929666519,91.64999756217004,135.54999741911888,88.08999839425087,18.80499968212098,2.749999903142452,0.9299999829381704,37,2.974794387817383,11586.44898146106,0
3.259999867528677,1.26999993622303,57.47999848797917,22.55999954789877,5.789999885484576,18.71999965701252,9.769999727606772,13.689999744296074,2.334999907761812,82.06999769806862,142.44999599456787,96.0099972859025,18.199999883770943,0.5999999782070518,2.6649999441578984,18,2.1002492904663086,13484.15737078146,0
0.96499998960644,6.125,52.26499863527715,21.36999960057437,5.329999882727861,17.919999529607594,20.334999510087076,12.949999619275331,3.38999992236495,76.89999839663506,146.05999666452408,97.38499760627748,23.024999444372952,0.7849999833852053,0.7099999897181988,33,3.879244089126587,10430.383502057824,0
1.2099999831989408,1.0599999651312828,29.339999362826347,35.41999903321266,20.929999481886625,18.849999444559216,28.46999967470765,14.269999580457808,1.6849999725818634,89.54499815404415,124.12999773025513,91.05999806523324,10.634999693371356,4.929999887943268,0.7949999701231718,116,4.199085712432861,8717.67170751457,0
5.914999812841415,3.7049999833107,15.599999703466892,77.54999861586839,48.0849987231195,15.819999539293349,19.829999450594187,12.214999719522892,1.559999942779541,93.08499698340891,85.58499828726053,55.90499835833907,3.324999962002039,0.1049999967217445,2.459999917075038,63,5.856002330780029,14382.802230441745,0
0.96499998960644,6.125,52.26499863527715,21.36999960057437,5.329999882727861,17.919999529607594,20.334999510087076,12.949999619275331,3.38999992236495,76.89999839663506,146.05999666452408,97.38499760627748,23.024999444372952,0.7849999833852053,0.7099999897181988,23,3.3795111179351807,13192.975403600209,0
0.7950000092387199,3.189999938011169,56.21999865211546,14.864999748766422,1.6849999874830246,23.04499962646514,12.98999961093068,11.25999952107668,9.249999962747095,82.68999804742634,155.90499687194824,95.3399977684021,21.32999949902296,2.3549999175593257,0.0949999988079071,9,0.9431046843528748,1261.4277624977185,0
0.2299999902024865,0.8799999784678221,31.644999369978905,43.64499872922897,11.58999975770712,24.049999467097223,11.294999646022916,13.159999772906303,13.509999349713326,71.06999830901623,117.63499712944032,83.90999752748758,16.234999667853117,3.8549999082461,7.624999797903001,472,5.930706024169922,1430.279692927226,0
2.2999998619779944,4.824999824166298,39.05499912798405,37.61999933421612,26.469999361783263,14.069999636150897,18.8449993096292,16.214999719522893,4.4449998661875725,85.86499777436256,109.76999720931052,86.74499779939651,10.59999979287386,3.694999997504056,2.629999965429306,148,7.991562843322754,1369.5254652615993,0
1.454999971203506,0.0,56.624998464249074,19.459999420680106,5.534999786876142,19.259999653324485,8.739999869838357,17.884999565780163,1.7349999565631151,90.14499779045582,149.77499732375145,96.41499831527472,20.48499973211437,0.7349999863654375,2.034999960102141,18,2.826622724533081,16014.493435635108,0
1.4450000077486038,5.9949998408555984,58.44499818235636,30.804999326355755,6.424999833106995,18.969999758526683,23.634999439120293,10.67499978095293,2.4599998965859413,69.51499853283167,147.8749977350235,81.4599983394146,18.779999759048223,4.139999814331532,0.8099999744445086,19,2.0802369117736816,12465.929568227151,0
2.169999949634075,5.159999867901206,29.15499943122268,41.99999884516001,7.6399998646229506,23.264999579638243,18.549999598413702,14.679999761283398,2.0849999859929085,71.26999790966511,128.38999766111374,79.31499820202589,15.059999823570251,4.454999886453152,7.034999901428819,521,21.957155227661133,1830.0,0
1.4950000094249845,0.25,70.22999874129891,26.3899998255074,4.939999893307686,18.724999403581023,19.749999311752617,10.789999786764383,6.149999955669045,78.3849988207221,149.22999614477158,84.2349982559681,21.72999945655465,4.334999909624457,0.1899999976158142,7,0.9274099469184875,979.4896630388704,0
1.4950000094249845,0.25,70.22999874129891,26.3899998255074,4.939999893307686,18.724999403581023,19.749999311752617,10.789999786764383,6.149999955669045,78.3849988207221,149.22999614477158,84.2349982559681,21.72999945655465,4.334999909624457,0.1899999976158142,13,2.080150604248047,759.5393340703298,0
2.4599998937919736,1.6299999505281448,48.83499883115292,27.65499935299158,21.894999419339,19.079999521374702,29.53499932959676,14.55499972961843,3.269999846816063,83.30999729037285,114.55499777197838,78.964998036623,10.634999782778324,4.33499982021749,0.5499999858438969,50,8.745506286621094,3288.662342047295,0
0.0299999993294477,1.2049999609589577,22.744999633170664,63.89499869942665,12.5549997119233,25.864999658428133,8.749999836087227,12.089999655261636,6.384999858215451,52.95499884337187,86.17499855160713,57.76499862223864,19.014999483712018,4.244999890215695,3.224999883212149,709,19.473743438720703,2379.285607067802,0
0.7450000066310167,3.004999889992177,41.589998967945576,26.039999252185225,12.41499961912632,28.7949992865324,6.174999850802124,18.75999940931797,2.5299999667331576,82.14499843120575,149.94999766349792,91.82499812543392,21.614999651908875,5.60999983549118,5.359999924898148,67,3.877077341079712,10908.207918810496,0
0.96499998960644,6.125,52.26499863527715,21.36999960057437,5.329999882727861,17.919999529607594,20.334999510087076,12.949999619275331,3.38999992236495,76.89999839663506,146.05999666452408,97.38499760627748,23.024999444372952,0.7849999833852053,0.7099999897181988,31,1.854334115982056,13722.696528015184,0
0.1999999955296516,0.0,27.579999309033155,20.20999930705875,11.274999603629112,36.50999907031655,6.29999977722764,17.829999540001154,5.544999832287431,86.48999812453985,177.05999505519867,89.6649977536872,14.034999651834369,3.319999974220991,2.969999933615327,-2,7.123566150665283,216.33307652783932,0
3.259999867528677,1.26999993622303,57.47999848797917,22.55999954789877,5.789999885484576,18.71999965701252,9.769999727606772,13.689999744296074,2.334999907761812,82.06999769806862,142.44999599456787,96.0099972859025,18.199999883770943,0.5999999782070518,2.6649999441578984,24,1.3222695589065552,12495.927336536492,0
1.454999971203506,0.0,56.624998464249074,19.459999420680106,5.534999786876142,19.259999653324485,8.739999869838357,17.884999565780163,1.7349999565631151,90.14499779045582,149.77499732375145,96.41499831527472,20.48499973211437,0.7349999863654375,2.034999960102141,21,0.9274099469184875,14338.148416026388,0
0.1999999955296516,0.0,27.579999309033155,20.20999930705875,11.274999603629112,36.50999907031655,6.29999977722764,17.829999540001154,5.544999832287431,86.48999812453985,177.05999505519867,89.6649977536872,14.034999651834369,3.319999974220991,2.969999933615327,10,4.154201984405518,3413.151036798694,0
2.4599998937919736,1.6299999505281448,48.83499883115292,27.65499935299158,21.894999419339,19.079999521374702,29.53499932959676,14.55499972961843,3.269999846816063,83.30999729037285,114.55499777197838,78.964998036623,10.634999782778324,4.33499982021749,0.5499999858438969,153,19.49437522888184,1315.9027319676786,0
2.169999949634075,5.159999867901206,29.15499943122268,41.99999884516001,7.6399998646229506,23.264999579638243,18.549999598413702,14.679999761283398,2.0849999859929085,71.26999790966511,128.38999766111374,79.31499820202589,15.059999823570251,4.454999886453152,7.034999901428819,486,0.0,3837.303740909755,0
0.96499998960644,6.125,52.26499863527715,21.36999960057437,5.329999882727861,17.919999529607594,20.334999510087076,12.949999619275331,3.38999992236495,76.89999839663506,146.05999666452408,97.38499760627748,23.024999444372952,0.7849999833852053,0.7099999897181988,6,3.357743978500366,13033.16155044508,0
0.1349999904632568,0.0,12.499999706633387,14.664999623782933,6.619999775663018,39.324999143369496,4.794999876059592,15.81999958306551,11.519999934360383,91.62499766051768,170.07999601960182,88.88999731838703,15.039999544620514,3.7199999149888754,2.2649999232962728,13,2.099760055541992,1317.269904006009,0
1.2099999831989408,1.0599999651312828,29.339999362826347,35.41999903321266,20.929999481886625,18.849999444559216,28.46999967470765,14.269999580457808,1.6849999725818634,89.54499815404415,124.12999773025513,91.05999806523324,10.634999693371356,4.929999887943268,0.7949999701231718,54,7.533867359161377,8496.411007007606,0
1.354999952018261,2.934999890625477,52.55999870970845,21.6599995540455,6.1349998051300645,14.814999550580978,23.92999942228198,15.724999763071535,3.354999929666519,91.64999756217004,135.54999741911888,88.08999839425087,18.80499968212098,2.749999903142452,0.9299999829381704,81,6.729838371276856,5924.905062530538,0
0.4099999964237213,1.389999970793724,35.58499903231859,46.0699987411499,22.419999677687883,19.284999516792595,24.469999637454748,12.939999676309526,1.66499999538064,89.35499835759401,105.85999783873558,84.45499789714813,7.10499978531152,0.7899999842047691,5.9149998454377055,70,3.8224148750305176,1636.8567438844489,0
0.1999999955296516,0.0,27.579999309033155,20.20999930705875,11.274999603629112,36.50999907031655,6.29999977722764,17.829999540001154,5.544999832287431,86.48999812453985,177.05999505519867,89.6649977536872,14.034999651834369,3.319999974220991,2.969999933615327,26,1.854334115982056,5295.063738993139,0
3.4899999536573887,8.074999932199717,55.8549988232553,29.359999127686024,9.159999769181011,12.98999970406294,15.20999991055578,10.064999691210687,5.554999924264848,82.64499831199646,124.34999716281892,99.3199981721118,11.789999790489674,3.0899998992681503,2.9099999144673347,677,22.13851928710937,3431.6905454892053,0
5.330000042915344,11.514999724924564,45.39499876648188,27.739999163895845,6.089999784715474,13.969999719411136,14.254999827593563,12.74499964620918,5.999999798834324,89.81999780610204,133.44999712705612,89.32499780505896,20.97499981429428,6.994999758899212,3.669999983161688,101,20.28252601623535,8972.859076125069,0
0.9450000021606684,3.434999853372574,69.47499806433916,20.19999949913472,3.299999882467091,20.964999715797603,16.414999606087804,10.00499976053834,10.049999583512545,71.14999805390835,143.64999637007713,98.83499819040298,18.24999938905239,2.454999979585409,0.1950000021606683,10,1.854334115982056,1710.263137648707,0
3.4899999536573887,8.074999932199717,55.8549988232553,29.359999127686024,9.159999769181011,12.98999970406294,15.20999991055578,10.064999691210687,5.554999924264848,82.64499831199646,124.34999716281892,99.3199981721118,11.789999790489674,3.0899998992681503,2.9099999144673347,507,26.97013664245605,4016.080178482496,0
1.2099999831989408,1.0599999651312828,29.339999362826347,35.41999903321266,20.929999481886625,18.849999444559216,28.46999967470765,14.269999580457808,1.6849999725818634,89.54499815404415,124.12999773025513,91.05999806523324,10.634999693371356,4.929999887943268,0.7949999701231718,83,12.734217643737791,8345.50178239751,0
1.6299999775364995,4.489999949932098,49.09499913454056,26.719999155960977,13.549999743700027,17.644999464973807,31.22499937005341,14.979999769479036,2.2649999484419823,83.23499834537506,131.1899970471859,84.39499805867672,14.554999594576657,5.894999794661999,1.1699999812990427,10,7.990912437438965,13871.715827539145,0
3.5999999046325684,14.549999453127384,36.924999402835965,33.90499905869365,9.599999714642763,20.259999781847,16.23999953828752,11.704999715089798,5.144999816082418,72.61499796807766,111.5549976825714,87.08999818563461,12.86999961733818,8.824999764561653,6.29499988257885,278,16.46424674987793,2070.8693826506783,0
1.454999971203506,0.0,56.624998464249074,19.459999420680106,5.534999786876142,19.259999653324485,8.739999869838357,17.884999565780163,1.7349999565631151,90.14499779045582,149.77499732375145,96.41499831527472,20.48499973211437,0.7349999863654375,2.034999960102141,5,6.734146118164063,13192.156760742346,0
0.1999999918043613,2.229999938979745,60.16499868780375,28.77999936416745,8.374999765306711,18.86499946564436,32.88999926485121,21.244999303482476,1.7299999622628093,74.91999852657318,149.07999622821808,82.01999807357788,20.46999940276146,15.969999508932233,0.0299999983981251,31,3.3806331157684326,6037.7562057439845,0
5.444999858736992,4.329999953508377,25.829999282956123,70.9799986872822,29.499999433755875,14.254999565891922,25.63999940827489,13.069999652914705,5.254999836906791,98.53499687463044,94.66499811876564,68.40499864518642,2.9599999245256186,2.6099999621510506,2.760000001639128,64,11.506386756896973,11746.561198921156,0
0.7699999697506428,5.32999986410141,52.12999873235822,34.70999921485782,12.779999762773514,17.179999381303787,27.51999955624342,17.474999494850636,1.2049999833106997,82.36499762535095,139.8949971795082,80.69999772310257,12.789999708533289,3.729999923147261,0.5349999815225601,39,4.678959846496582,14388.307753172365,0
0.9450000021606684,3.434999853372574,69.47499806433916,20.19999949913472,3.299999882467091,20.964999715797603,16.414999606087804,10.00499976053834,10.049999583512545,71.14999805390835,143.64999637007713,98.83499819040298,18.24999938905239,2.454999979585409,0.1950000021606683,15,2.1009209156036377,8442.002132195894,0
0.464999983087182,0.0,33.609999388456345,25.21499954815954,10.834999799728394,29.979999544098973,5.62499984819442,16.21999946795404,1.3999999687075615,83.7399981468916,158.61499631404877,92.7449980378151,25.97499928623438,1.9949999274685977,5.234999760985375,0,4.154043197631836,6480.347212919999,0
1.454999971203506,0.0,56.624998464249074,19.459999420680106,5.534999786876142,19.259999653324485,8.739999869838357,17.884999565780163,1.7349999565631151,90.14499779045582,149.77499732375145,96.41499831527472,20.48499973211437,0.7349999863654375,2.034999960102141,9,4.627367496490479,13105.056276109615,0
3.564999796450138,11.414999866858125,41.374998703598976,39.98499927669764,4.784999907016754,21.05499951913953,18.394999584183097,11.829999767243862,4.074999880976975,70.9849983714521,136.5349966287613,84.22499760240316,18.46499966178089,11.694999769330025,7.079999742098153,350,17.901670455932617,6696.723079238083,0
1.6299999775364995,4.489999949932098,49.09499913454056,26.719999155960977,13.549999743700027,17.644999464973807,31.22499937005341,14.979999769479036,2.2649999484419823,83.23499834537506,131.1899970471859,84.39499805867672,14.554999594576657,5.894999794661999,1.1699999812990427,24,3.3579790592193604,8190.219777270937,0
3.5999999046325684,14.549999453127384,36.924999402835965,33.90499905869365,9.599999714642763,20.259999781847,16.23999953828752,11.704999715089798,5.144999816082418,72.61499796807766,111.5549976825714,87.08999818563461,12.86999961733818,8.824999764561653,6.29499988257885,901,25.362773895263672,5139.815171774176,0
3.259999867528677,1.26999993622303,57.47999848797917,22.55999954789877,5.789999885484576,18.71999965701252,9.769999727606772,13.689999744296074,2.334999907761812,82.06999769806862,142.44999599456787,96.0099972859025,18.199999883770943,0.5999999782070518,2.6649999441578984,20,4.154277324676514,15681.996046422151,0
0.4099999964237213,1.389999970793724,35.58499903231859,46.0699987411499,22.419999677687883,19.284999516792595,24.469999637454748,12.939999676309526,1.66499999538064,89.35499835759401,105.85999783873558,84.45499789714813,7.10499978531152,0.7899999842047691,5.9149998454377055,232,9.858237266540527,5904.439008068422,0
1.454999971203506,0.0,56.624998464249074,19.459999420680106,5.534999786876142,19.259999653324485,8.739999869838357,17.884999565780163,1.7349999565631151,90.14499779045582,149.77499732375145,96.41499831527472,20.48499973211437,0.7349999863654375,2.034999960102141,17,1.32239031791687,13054.82669360264,0
0.1999999918043613,2.229999938979745,60.16499868780375,28.77999936416745,8.374999765306711,18.86499946564436,32.88999926485121,21.244999303482476,1.7299999622628093,74.91999852657318,149.07999622821808,82.01999807357788,20.46999940276146,15.969999508932233,0.0299999983981251,30,0.0,7871.785058041156,0
0.9149999665096402,10.024999774992466,25.40499931573868,54.314999386668205,27.379999242722988,14.724999805912375,29.079999428242445,17.0849996432662,3.9099998865276575,100.60499780625103,110.02499678730965,67.47999823093414,5.699999783188105,9.489999637007712,1.9649999290704727,41,5.4174981117248535,8428.345033279073,0
0.96499998960644,6.125,52.26499863527715,21.36999960057437,5.329999882727861,17.919999529607594,20.334999510087076,12.949999619275331,3.38999992236495,76.89999839663506,146.05999666452408,97.38499760627748,23.024999444372952,0.7849999833852053,0.7099999897181988,15,1.8857948780059812,12062.31321098901,0
0.2249999865889549,0.0,17.98999958205968,23.914999298751358,6.8849997306242585,38.02499923110008,11.3899997593835,20.06499972194433,5.909999820403755,94.20499850064516,156.43499660491943,80.55999843776226,17.019999586045742,5.66999981738627,3.169999998994172,4,2.972630500793457,3046.4405459486647,0
2.169999949634075,5.159999867901206,29.15499943122268,41.99999884516001,7.6399998646229506,23.264999579638243,18.549999598413702,14.679999761283398,2.0849999859929085,71.26999790966511,128.38999766111374,79.31499820202589,15.059999823570251,4.454999886453152,7.034999901428819,366,18.84777069091797,1158.792474949678,0
1.354999952018261,2.934999890625477,52.55999870970845,21.6599995540455,6.1349998051300645,14.814999550580978,23.92999942228198,15.724999763071535,3.354999929666519,91.64999756217004,135.54999741911888,88.08999839425087,18.80499968212098,2.749999903142452,0.9299999829381704,93,4.705342769622803,9450.380944702703,0
5.330000042915344,11.514999724924564,45.39499876648188,27.739999163895845,6.089999784715474,13.969999719411136,14.254999827593563,12.74499964620918,5.999999798834324,89.81999780610204,133.44999712705612,89.32499780505896,20.97499981429428,6.994999758899212,3.669999983161688,400,33.68706130981445,3960.113634733226,0
1.2099999831989408,1.0599999651312828,29.339999362826347,35.41999903321266,20.929999481886625,18.849999444559216,28.46999967470765,14.269999580457808,1.6849999725818634,89.54499815404415,124.12999773025513,91.05999806523324,10.634999693371356,4.929999887943268,0.7949999701231718,132,11.240757942199709,22017.670176474167,0
0.464999983087182,0.0,33.609999388456345,25.21499954815954,10.834999799728394,29.979999544098973,5.62499984819442,16.21999946795404,1.3999999687075615,83.7399981468916,158.61499631404877,92.7449980378151,25.97499928623438,1.9949999274685977,5.234999760985375,7,3.76446533203125,6612.669657558889,0
3.564999796450138,11.414999866858125,41.374998703598976,39.98499927669764,4.784999907016754,21.05499951913953,18.394999584183097,11.829999767243862,4.074999880976975,70.9849983714521,136.5349966287613,84.22499760240316,18.46499966178089,11.694999769330025,7.079999742098153,221,12.725741386413574,12253.595390741446,0
1.354999952018261,2.934999890625477,52.55999870970845,21.6599995540455,6.1349998051300645,14.814999550580978,23.92999942228198,15.724999763071535,3.354999929666519,91.64999756217004,135.54999741911888,88.08999839425087,18.80499968212098,2.749999903142452,0.9299999829381704,22,4.676826000213623,15167.09926122988,0
2.169999949634075,5.159999867901206,29.15499943122268,41.99999884516001,7.6399998646229506,23.264999579638243,18.549999598413702,14.679999761283398,2.0849999859929085,71.26999790966511,128.38999766111374,79.31499820202589,15.059999823570251,4.454999886453152,7.034999901428819,475,11.169459342956545,1331.540461270329,0
0.4799999818205833,1.9499999284744265,42.98499861173332,15.154999777674677,3.079999908804893,25.349999661557376,7.754999768920243,13.574999453499911,8.509999888949096,80.81999841332436,147.48499682545662,100.33999712765215,16.249999698251486,1.8549999492242928,0.7199999922886491,11,1.3223658800125122,1934.2440383777844,0
1.354999952018261,2.934999890625477,52.55999870970845,21.6599995540455,6.1349998051300645,14.814999550580978,23.92999942228198,15.724999763071535,3.354999929666519,91.64999756217004,135.54999741911888,88.08999839425087,18.80499968212098,2.749999903142452,0.9299999829381704,19,8.569616317749023,13423.952473098228,0
1.4950000094249845,0.25,70.22999874129891,26.3899998255074,4.939999893307686,18.724999403581023,19.749999311752617,10.789999786764383,6.149999955669045,78.3849988207221,149.22999614477158,84.2349982559681,21.72999945655465,4.334999909624457,0.1899999976158142,8,1.3226743936538696,632.8506932918697,0
5.330000042915344,11.514999724924564,45.39499876648188,27.739999163895845,6.089999784715474,13.969999719411136,14.254999827593563,12.74499964620918,5.999999798834324,89.81999780610204,133.44999712705612,89.32499780505896,20.97499981429428,6.994999758899212,3.669999983161688,194,32.81808853149414,8431.654641883762,0
0.464999983087182,0.0,33.609999388456345,25.21499954815954,10.834999799728394,29.979999544098973,5.62499984819442,16.21999946795404,1.3999999687075615,83.7399981468916,158.61499631404877,92.7449980378151,25.97499928623438,1.9949999274685977,5.234999760985375,28,0.9274099469184875,13063.785821881802,0
1.2099999831989408,1.0599999651312828,29.339999362826347,35.41999903321266,20.929999481886625,18.849999444559216,28.46999967470765,14.269999580457808,1.6849999725818634,89.54499815404415,124.12999773025513,91.05999806523324,10.634999693371356,4.929999887943268,0.7949999701231718,64,8.28909969329834,1728.843544106869,0
0.4799999818205833,1.9499999284744265,42.98499861173332,15.154999777674677,3.079999908804893,25.349999661557376,7.754999768920243,13.574999453499911,8.509999888949096,80.81999841332436,147.48499682545662,100.33999712765215,16.249999698251486,1.8549999492242928,0.7199999922886491,-1,4.721620559692383,7127.95202004054,0
0.0299999993294477,1.2049999609589577,22.744999633170664,63.89499869942665,12.5549997119233,25.864999658428133,8.749999836087227,12.089999655261636,6.384999858215451,52.95499884337187,86.17499855160713,57.76499862223864,19.014999483712018,4.244999890215695,3.224999883212149,875,4.154242515563965,276.5863337187866,0
1.454999971203506,0.0,56.624998464249074,19.459999420680106,5.534999786876142,19.259999653324485,8.739999869838357,17.884999565780163,1.7349999565631151,90.14499779045582,149.77499732375145,96.41499831527472,20.48499973211437,0.7349999863654375,2.034999960102141,18,4.195074558258057,8540.257607355881,0
5.914999812841415,3.7049999833107,15.599999703466892,77.54999861586839,48.0849987231195,15.819999539293349,19.829999450594187,12.214999719522892,1.559999942779541,93.08499698340891,85.58499828726053,55.90499835833907,3.324999962002039,0.1049999967217445,2.459999917075038,38,2.644805431365967,14818.815742156996,0
9.434999763965608,17.099999519996345,31.82999912276864,45.86499884724617,23.67999954707921,16.904999654740095,24.45999947655946,19.80999942868948,2.149999968707561,88.70999884605408,115.59499633312224,76.55499786138535,12.619999647140505,10.449999786913397,1.0499999606981874,45,4.7089948654174805,18002.249859392577,0
0.7699999697506428,5.32999986410141,52.12999873235822,34.70999921485782,12.779999762773514,17.179999381303787,27.51999955624342,17.474999494850636,1.2049999833106997,82.36499762535095,139.8949971795082,80.69999772310257,12.789999708533289,3.729999923147261,0.5349999815225601,24,3.704791784286499,13126.465632454152,0
5.330000042915344,11.514999724924564,45.39499876648188,27.739999163895845,6.089999784715474,13.969999719411136,14.254999827593563,12.74499964620918,5.999999798834324,89.81999780610204,133.44999712705612,89.32499780505896,20.97499981429428,6.994999758899212,3.669999983161688,215,19.291784286499023,12632.280079225602,0
1.354999952018261,2.934999890625477,52.55999870970845,21.6599995540455,6.1349998051300645,14.814999550580978,23.92999942228198,15.724999763071535,3.354999929666519,91.64999756217004,135.54999741911888,88.08999839425087,18.80499968212098,2.749999903142452,0.9299999829381704,95,2.079998254776001,8680.789134635168,0
3.5999999046325684,14.549999453127384,36.924999402835965,33.90499905869365,9.599999714642763,20.259999781847,16.23999953828752,11.704999715089798,5.144999816082418,72.61499796807766,111.5549976825714,87.08999818563461,12.86999961733818,8.824999764561653,6.29499988257885,668,20.751243591308597,8374.944775937332,0
0.96499998960644,6.125,52.26499863527715,21.36999960057437,5.329999882727861,17.919999529607594,20.334999510087076,12.949999619275331,3.38999992236495,76.89999839663506,146.05999666452408,97.38499760627748,23.024999444372952,0.7849999833852053,0.7099999897181988,20,4.676965713500977,14598.445122683444,0
0.464999983087182,0.0,33.609999388456345,25.21499954815954,10.834999799728394,29.979999544098973,5.62499984819442,16.21999946795404,1.3999999687075615,83.7399981468916,158.61499631404877,92.7449980378151,25.97499928623438,1.9949999274685977,5.234999760985375,1,2.8254432678222656,7795.67187611177,0
0.4799999818205833,1.9499999284744265,42.98499861173332,15.154999777674677,3.079999908804893,25.349999661557376,7.754999768920243,13.574999453499911,8.509999888949096,80.81999841332436,147.48499682545662,100.33999712765215,16.249999698251486,1.8549999492242928,0.7199999922886491,10,2.1002566814422607,4748.06276285392,0
2.4599998937919736,1.6299999505281448,48.83499883115292,27.65499935299158,21.894999419339,19.079999521374702,29.53499932959676,14.55499972961843,3.269999846816063,83.30999729037285,114.55499777197838,78.964998036623,10.634999782778324,4.33499982021749,0.5499999858438969,58,8.745691299438477,3690.121949204389,0
1.454999971203506,0.0,56.624998464249074,19.459999420680106,5.534999786876142,19.259999653324485,8.739999869838357,17.884999565780163,1.7349999565631151,90.14499779045582,149.77499732375145,96.41499831527472,20.48499973211437,0.7349999863654375,2.034999960102141,17,3.96138858795166,11629.789336011208,0
0.1999999918043613,2.229999938979745,60.16499868780375,28.77999936416745,8.374999765306711,18.86499946564436,32.88999926485121,21.244999303482476,1.7299999622628093,74.91999852657318,149.07999622821808,82.01999807357788,20.46999940276146,15.969999508932233,0.0299999983981251,9,4.198863506317139,5924.677206396987,0
1.354999952018261,2.934999890625477,52.55999870970845,21.6599995540455,6.1349998051300645,14.814999550580978,23.92999942228198,15.724999763071535,3.354999929666519,91.64999756217004,135.54999741911888,88.08999839425087,18.80499968212098,2.749999903142452,0.9299999829381704,78,3.8223042488098153,8534.459561097001,0
0.5099999839439988,3.3499999726191163,37.83999923616648,33.469998978078365,11.209999710321426,25.674999576993287,8.35999970510602,13.214999770745637,6.264999861828983,87.38999851420522,137.2549970149994,98.37999780476092,21.394999589771032,7.4199998043477535,7.279999871738255,171,22.61459350585937,6189.16795700359,0
1.354999952018261,2.934999890625477,52.55999870970845,21.6599995540455,6.1349998051300645,14.814999550580978,23.92999942228198,15.724999763071535,3.354999929666519,91.64999756217004,135.54999741911888,88.08999839425087,18.80499968212098,2.749999903142452,0.9299999829381704,75,10.42113971710205,9136.41614638913,0
5.330000042915344,11.514999724924564,45.39499876648188,27.739999163895845,6.089999784715474,13.969999719411136,14.254999827593563,12.74499964620918,5.999999798834324,89.81999780610204,133.44999712705612,89.32499780505896,20.97499981429428,6.994999758899212,3.669999983161688,60,11.493184089660645,14828.924438407526,0
5.444999858736992,4.329999953508377,25.829999282956123,70.9799986872822,29.499999433755875,14.254999565891922,25.63999940827489,13.069999652914705,5.254999836906791,98.53499687463044,94.66499811876564,68.40499864518642,2.9599999245256186,2.6099999621510506,2.760000001639128,26,1.3231216669082642,8790.204775771723,0
0.7699999697506428,5.32999986410141,52.12999873235822,34.70999921485782,12.779999762773514,17.179999381303787,27.51999955624342,17.474999494850636,1.2049999833106997,82.36499762535095,139.8949971795082,80.69999772310257,12.789999708533289,3.729999923147261,0.5349999815225601,38,2.977016925811768,16626.49692508918,0
3.4899999536573887,8.074999932199717,55.8549988232553,29.359999127686024,9.159999769181011,12.98999970406294,15.20999991055578,10.064999691210687,5.554999924264848,82.64499831199646,124.34999716281892,99.3199981721118,11.789999790489674,3.0899998992681503,2.9099999144673347,526,11.509477615356444,5192.427178112371,0
1.354999952018261,2.934999890625477,52.55999870970845,21.6599995540455,6.1349998051300645,14.814999550580978,23.92999942228198,15.724999763071535,3.354999929666519,91.64999756217004,135.54999741911888,88.08999839425087,18.80499968212098,2.749999903142452,0.9299999829381704,344,19.642263412475582,5085.951238460707,0
2.169999949634075,5.159999867901206,29.15499943122268,41.99999884516001,7.6399998646229506,23.264999579638243,18.549999598413702,14.679999761283398,2.0849999859929085,71.26999790966511,128.38999766111374,79.31499820202589,15.059999823570251,4.454999886453152,7.034999901428819,783,17.506505966186523,5296.67820430881,0
3.4899999536573887,8.074999932199717,55.8549988232553,29.359999127686024,9.159999769181011,12.98999970406294,15.20999991055578,10.064999691210687,5.554999924264848,82.64499831199646,124.34999716281892,99.3199981721118,11.789999790489674,3.0899998992681503,2.9099999144673347,121,12.197197914123535,4757.909204682242,0
2.7699998561292887,5.034999876283109,36.27999928593636,41.85499883629382,18.5799994841218,18.73499954212457,35.92999917268753,19.49999949336052,2.7399999126791954,86.74499855935574,131.47499710321426,80.69499787688255,12.1949996445328,23.019999233074486,0.609999974258244,20,3.3813462257385254,15587.129305936996,0
2.169999949634075,5.159999867901206,29.15499943122268,41.99999884516001,7.6399998646229506,23.264999579638243,18.549999598413702,14.679999761283398,2.0849999859929085,71.26999790966511,128.38999766111374,79.31499820202589,15.059999823570251,4.454999886453152,7.034999901428819,576,18.502105712890625,4270.128803677941,0
1.6299999775364995,4.489999949932098,49.09499913454056,26.719999155960977,13.549999743700027,17.644999464973807,31.22499937005341,14.979999769479036,2.2649999484419823,83.23499834537506,131.1899970471859,84.39499805867672,14.554999594576657,5.894999794661999,1.1699999812990427,22,4.72172212600708,11527.575634104507,1
0.4799999818205833,1.9499999284744265,42.98499861173332,15.154999777674677,3.079999908804893,25.349999661557376,7.754999768920243,13.574999453499911,8.509999888949096,80.81999841332436,147.48499682545662,100.33999712765215,16.249999698251486,1.8549999492242928,0.7199999922886491,3,3.3575501441955566,7087.432539361486,1
1.4450000077486038,5.9949998408555984,58.44499818235636,30.804999326355755,6.424999833106995,18.969999758526683,23.634999439120293,10.67499978095293,2.4599998965859413,69.51499853283167,147.8749977350235,81.4599983394146,18.779999759048223,4.139999814331532,0.8099999744445086,-1,1.322779893875122,6630.0,1
1.454999971203506,0.0,56.624998464249074,19.459999420680106,5.534999786876142,19.259999653324485,8.739999869838357,17.884999565780163,1.7349999565631151,90.14499779045582,149.77499732375145,96.41499831527472,20.48499973211437,0.7349999863654375,2.034999960102141,-1,0.0,12223.260612455257,1
0.9450000021606684,3.434999853372574,69.47499806433916,20.19999949913472,3.299999882467091,20.964999715797603,16.414999606087804,10.00499976053834,10.049999583512545,71.14999805390835,143.64999637007713,98.83499819040298,18.24999938905239,2.454999979585409,0.1950000021606683,-6,2.643805503845215,8054.594961883559,1
1.4450000077486038,5.9949998408555984,58.44499818235636,30.804999326355755,6.424999833106995,18.969999758526683,23.634999439120293,10.67499978095293,2.4599998965859413,69.51499853283167,147.8749977350235,81.4599983394146,18.779999759048223,4.139999814331532,0.8099999744445086,-4,1.3226834535598757,3794.7331922020553,1
1.4450000077486038,5.9949998408555984,58.44499818235636,30.804999326355755,6.424999833106995,18.969999758526683,23.634999439120293,10.67499978095293,2.4599998965859413,69.51499853283167,147.8749977350235,81.4599983394146,18.779999759048223,4.139999814331532,0.8099999744445086,-3,2.101337432861328,2919.726014543145,1
3.259999867528677,1.26999993622303,57.47999848797917,22.55999954789877,5.789999885484576,18.71999965701252,9.769999727606772,13.689999744296074,2.334999907761812,82.06999769806862,142.44999599456787,96.0099972859025,18.199999883770943,0.5999999782070518,2.6649999441578984,4,14.28245449066162,14651.921375710424,1
0.1349999904632568,0.0,12.499999706633387,14.664999623782933,6.619999775663018,39.324999143369496,4.794999876059592,15.81999958306551,11.519999934360383,91.62499766051768,170.07999601960182,88.88999731838703,15.039999544620514,3.7199999149888754,2.2649999232962728,-1,3.822166681289673,2447.897056659041,1
1.4450000077486038,5.9949998408555984,58.44499818235636,30.804999326355755,6.424999833106995,18.969999758526683,23.634999439120293,10.67499978095293,2.4599998965859413,69.51499853283167,147.8749977350235,81.4599983394146,18.779999759048223,4.139999814331532,0.8099999744445086,-1,2.0801491737365723,4949.272673838046,1
0.9450000021606684,3.434999853372574,69.47499806433916,20.19999949913472,3.299999882467091,20.964999715797603,16.414999606087804,10.00499976053834,10.049999583512545,71.14999805390835,143.64999637007713,98.83499819040298,18.24999938905239,2.454999979585409,0.1950000021606683,-4,3.767695188522339,2702.831848265815,1
0.9450000021606684,3.434999853372574,69.47499806433916,20.19999949913472,3.299999882467091,20.964999715797603,16.414999606087804,10.00499976053834,10.049999583512545,71.14999805390835,143.64999637007713,98.83499819040298,18.24999938905239,2.454999979585409,0.1950000021606683,-2,3.3576271533966064,9403.935346438746,1
0.8700000010430813,2.83499988168478,28.43499935232103,44.05999930202961,6.8899997593835,20.399999354965985,18.15999935939908,14.83999965712428,1.9699999205768108,67.5449982881546,99.50999799370766,73.61999813653529,17.239999561570585,3.6249998938292265,5.804999891668558,800,0.0,0.0,1
0.9450000021606684,3.434999853372574,69.47499806433916,20.19999949913472,3.299999882467091,20.964999715797603,16.414999606087804,10.00499976053834,10.049999583512545,71.14999805390835,143.64999637007713,98.83499819040298,18.24999938905239,2.454999979585409,0.1950000021606683,-3,2.1010055541992188,5474.897259309986,1
0.9450000021606684,3.434999853372574,69.47499806433916,20.19999949913472,3.299999882467091,20.964999715797603,16.414999606087804,10.00499976053834,10.049999583512545,71.14999805390835,143.64999637007713,98.83499819040298,18.24999938905239,2.454999979585409,0.1950000021606683,-2,3.379352807998657,11093.105967221263,1
0.8700000010430813,2.83499988168478,28.43499935232103,44.05999930202961,6.8899997593835,20.399999354965985,18.15999935939908,14.83999965712428,1.9699999205768108,67.5449982881546,99.50999799370766,73.61999813653529,17.239999561570585,3.6249998938292265,5.804999891668558,800,0.0,0.0,1
1.454999971203506,0.0,56.624998464249074,19.459999420680106,5.534999786876142,19.259999653324485,8.739999869838357,17.884999565780163,1.7349999565631151,90.14499779045582,149.77499732375145,96.41499831527472,20.48499973211437,0.7349999863654375,2.034999960102141,-4,2.935318946838379,12867.517243042654,1
0.9450000021606684,3.434999853372574,69.47499806433916,20.19999949913472,3.299999882467091,20.964999715797603,16.414999606087804,10.00499976053834,10.049999583512545,71.14999805390835,143.64999637007713,98.83499819040298,18.24999938905239,2.454999979585409,0.1950000021606683,-3,1.3225111961364746,7530.478072473221,1
0.1349999904632568,0.0,12.499999706633387,14.664999623782933,6.619999775663018,39.324999143369496,4.794999876059592,15.81999958306551,11.519999934360383,91.62499766051768,170.07999601960182,88.88999731838703,15.039999544620514,3.7199999149888754,2.2649999232962728,0,1.3221406936645508,210.0,1
0.9450000021606684,3.434999853372574,69.47499806433916,20.19999949913472,3.299999882467091,20.964999715797603,16.414999606087804,10.00499976053834,10.049999583512545,71.14999805390835,143.64999637007713,98.83499819040298,18.24999938905239,2.454999979585409,0.1950000021606683,-3,1.885546922683716,8812.088288254947,1
1.454999971203506,0.0,56.624998464249074,19.459999420680106,5.534999786876142,19.259999653324485,8.739999869838357,17.884999565780163,1.7349999565631151,90.14499779045582,149.77499732375145,96.41499831527472,20.48499973211437,0.7349999863654375,2.034999960102141,-4,4.704139232635498,14354.710028419244,1
2.4599998937919736,1.6299999505281448,48.83499883115292,27.65499935299158,21.894999419339,19.079999521374702,29.53499932959676,14.55499972961843,3.269999846816063,83.30999729037285,114.55499777197838,78.964998036623,10.634999782778324,4.33499982021749,0.5499999858438969,74,7.128766059875488,283.0194339616981,1
0.4799999818205833,1.9499999284744265,42.98499861173332,15.154999777674677,3.079999908804893,25.349999661557376,7.754999768920243,13.574999453499911,8.509999888949096,80.81999841332436,147.48499682545662,100.33999712765215,16.249999698251486,1.8549999492242928,0.7199999922886491,-2,5.275314331054688,6044.38582487915,1
0.9450000021606684,3.434999853372574,69.47499806433916,20.19999949913472,3.299999882467091,20.964999715797603,16.414999606087804,10.00499976053834,10.049999583512545,71.14999805390835,143.64999637007713,98.83499819040298,18.24999938905239,2.454999979585409,0.1950000021606683,-2,2.100940465927124,10417.648487062712,1
1.4450000077486038,5.9949998408555984,58.44499818235636,30.804999326355755,6.424999833106995,18.969999758526683,23.634999439120293,10.67499978095293,2.4599998965859413,69.51499853283167,147.8749977350235,81.4599983394146,18.779999759048223,4.139999814331532,0.8099999744445086,5,10.293458938598633,7632.096697500629,1
0.8700000010430813,2.83499988168478,28.43499935232103,44.05999930202961,6.8899997593835,20.399999354965985,18.15999935939908,14.83999965712428,1.9699999205768108,67.5449982881546,99.50999799370766,73.61999813653529,17.239999561570585,3.6249998938292265,5.804999891668558,812,17.3019962310791,42.42640687119285,1
1.4450000077486038,5.9949998408555984,58.44499818235636,30.804999326355755,6.424999833106995,18.969999758526683,23.634999439120293,10.67499978095293,2.4599998965859413,69.51499853283167,147.8749977350235,81.4599983394146,18.779999759048223,4.139999814331532,0.8099999744445086,0,2.101562976837158,5975.424671100792,1
0.9450000021606684,3.434999853372574,69.47499806433916,20.19999949913472,3.299999882467091,20.964999715797603,16.414999606087804,10.00499976053834,10.049999583512545,71.14999805390835,143.64999637007713,98.83499819040298,18.24999938905239,2.454999979585409,0.1950000021606683,5,2.9353487491607666,8055.265358757587,1
0.464999983087182,0.0,33.609999388456345,25.21499954815954,10.834999799728394,29.979999544098973,5.62499984819442,16.21999946795404,1.3999999687075615,83.7399981468916,158.61499631404877,92.7449980378151,25.97499928623438,1.9949999274685977,5.234999760985375,-1,0.9423055648803712,7813.488337484097,1
0.9149999665096402,10.024999774992466,25.40499931573868,54.314999386668205,27.379999242722988,14.724999805912375,29.079999428242445,17.0849996432662,3.9099998865276575,100.60499780625103,110.02499678730965,67.47999823093414,5.699999783188105,9.489999637007712,1.9649999290704727,36,1.3231358528137207,25813.757959661743,1
0.1999999955296516,0.0,27.579999309033155,20.20999930705875,11.274999603629112,36.50999907031655,6.29999977722764,17.829999540001154,5.544999832287431,86.48999812453985,177.05999505519867,89.6649977536872,14.034999651834369,3.319999974220991,2.969999933615327,-5,2.64296555519104,3400.73521462639,1
1.4450000077486038,5.9949998408555984,58.44499818235636,30.804999326355755,6.424999833106995,18.969999758526683,23.634999439120293,10.67499978095293,2.4599998965859413,69.51499853283167,147.8749977350235,81.4599983394146,18.779999759048223,4.139999814331532,0.8099999744445086,-2,4.19735860824585,4016.976474912444,1
1.4450000077486038,5.9949998408555984,58.44499818235636,30.804999326355755,6.424999833106995,18.969999758526683,23.634999439120293,10.67499978095293,2.4599998965859413,69.51499853283167,147.8749977350235,81.4599983394146,18.779999759048223,4.139999814331532,0.8099999744445086,3,3.704791784286499,10159.419274742037,1
1.4450000077486038,5.9949998408555984,58.44499818235636,30.804999326355755,6.424999833106995,18.969999758526683,23.634999439120293,10.67499978095293,2.4599998965859413,69.51499853283167,147.8749977350235,81.4599983394146,18.779999759048223,4.139999814331532,0.8099999744445086,2,5.8555827140808105,5125.173167806137,1
2.169999949634075,5.159999867901206,29.15499943122268,41.99999884516001,7.6399998646229506,23.264999579638243,18.549999598413702,14.679999761283398,2.0849999859929085,71.26999790966511,128.38999766111374,79.31499820202589,15.059999823570251,4.454999886453152,7.034999901428819,460,9.34453582763672,2358.00763357543,1
1.4450000077486038,5.9949998408555984,58.44499818235636,30.804999326355755,6.424999833106995,18.969999758526683,23.634999439120293,10.67499978095293,2.4599998965859413,69.51499853283167,147.8749977350235,81.4599983394146,18.779999759048223,4.139999814331532,0.8099999744445086,-3,2.9354543685913086,603.7383539249432,1
1.4450000077486038,5.9949998408555984,58.44499818235636,30.804999326355755,6.424999833106995,18.969999758526683,23.634999439120293,10.67499978095293,2.4599998965859413,69.51499853283167,147.8749977350235,81.4599983394146,18.779999759048223,4.139999814331532,0.8099999744445086,-3,0.9432706832885742,2580.6975801127883,1
0.9450000021606684,3.434999853372574,69.47499806433916,20.19999949913472,3.299999882467091,20.964999715797603,16.414999606087804,10.00499976053834,10.049999583512545,71.14999805390835,143.64999637007713,98.83499819040298,18.24999938905239,2.454999979585409,0.1950000021606683,-4,2.080061674118042,6010.191344707753,1
2.2999998619779944,4.824999824166298,39.05499912798405,37.61999933421612,26.469999361783263,14.069999636150897,18.8449993096292,16.214999719522893,4.4449998661875725,85.86499777436256,109.76999720931052,86.74499779939651,10.59999979287386,3.694999997504056,2.629999965429306,70,2.7802884578704834,1302.4976007655446,1
1.4450000077486038,5.9949998408555984,58.44499818235636,30.804999326355755,6.424999833106995,18.969999758526683,23.634999439120293,10.67499978095293,2.4599998965859413,69.51499853283167,147.8749977350235,81.4599983394146,18.779999759048223,4.139999814331532,0.8099999744445086,-1,1.854334115982056,2061.286006356226,1
0.4099999964237213,1.389999970793724,35.58499903231859,46.0699987411499,22.419999677687883,19.284999516792595,24.469999637454748,12.939999676309526,1.66499999538064,89.35499835759401,105.85999783873558,84.45499789714813,7.10499978531152,0.7899999842047691,5.9149998454377055,51,20.34764289855957,94.8683298050514,1
2.2999998619779944,4.824999824166298,39.05499912798405,37.61999933421612,26.469999361783263,14.069999636150897,18.8449993096292,16.214999719522893,4.4449998661875725,85.86499777436256,109.76999720931052,86.74499779939651,10.59999979287386,3.694999997504056,2.629999965429306,74,0.9274099469184875,1920.9372712298543,1
1.4450000077486038,5.9949998408555984,58.44499818235636,30.804999326355755,6.424999833106995,18.969999758526683,23.634999439120293,10.67499978095293,2.4599998965859413,69.51499853283167,147.8749977350235,81.4599983394146,18.779999759048223,4.139999814331532,0.8099999744445086,-3,3.962377548217773,953.4149149242422,1
0.9450000021606684,3.434999853372574,69.47499806433916,20.19999949913472,3.299999882467091,20.964999715797603,16.414999606087804,10.00499976053834,10.049999583512545,71.14999805390835,143.64999637007713,98.83499819040298,18.24999938905239,2.454999979585409,0.1950000021606683,-7,1.8857594728469849,7907.3193940803985,1
0.4099999964237213,1.389999970793724,35.58499903231859,46.0699987411499,22.419999677687883,19.284999516792595,24.469999637454748,12.939999676309526,1.66499999538064,89.35499835759401,105.85999783873558,84.45499789714813,7.10499978531152,0.7899999842047691,5.9149998454377055,54,7.891402721405029,90.0,1
1.4950000094249845,0.25,70.22999874129891,26.3899998255074,4.939999893307686,18.724999403581023,19.749999311752617,10.789999786764383,6.149999955669045,78.3849988207221,149.22999614477158,84.2349982559681,21.72999945655465,4.334999909624457,0.1899999976158142,0,0.0,152.97058540778357,1
0.8700000010430813,2.83499988168478,28.43499935232103,44.05999930202961,6.8899997593835,20.399999354965985,18.15999935939908,14.83999965712428,1.9699999205768108,67.5449982881546,99.50999799370766,73.61999813653529,17.239999561570585,3.6249998938292265,5.804999891668558,795,48.90714263916016,3073.7924458232374,1
0.1999999955296516,0.0,27.579999309033155,20.20999930705875,11.274999603629112,36.50999907031655,6.29999977722764,17.829999540001154,5.544999832287431,86.48999812453985,177.05999505519867,89.6649977536872,14.034999651834369,3.319999974220991,2.969999933615327,0,0.0,0.0,1
0.7950000092387199,3.189999938011169,56.21999865211546,14.864999748766422,1.6849999874830246,23.04499962646514,12.98999961093068,11.25999952107668,9.249999962747095,82.68999804742634,155.90499687194824,95.3399977684021,21.32999949902296,2.3549999175593257,0.0949999988079071,1,0.0,391.15214431215895,1
3.259999867528677,1.26999993622303,57.47999848797917,22.55999954789877,5.789999885484576,18.71999965701252,9.769999727606772,13.689999744296074,2.334999907761812,82.06999769806862,142.44999599456787,96.0099972859025,18.199999883770943,0.5999999782070518,2.6649999441578984,2,3.357490301132202,14275.366895460164,1
0.0399999981746077,2.549999885261059,60.69999842252582,21.17499954253435,12.684999618679283,18.11499986052513,17.82999956700951,13.709999677725136,1.429999940097332,83.91999806463718,181.5199962258339,75.51999843120575,15.639999806880953,4.164999838918448,0.0,0,5.644669055938721,0.0,1
0.1999999955296516,0.0,27.579999309033155,20.20999930705875,11.274999603629112,36.50999907031655,6.29999977722764,17.829999540001154,5.544999832287431,86.48999812453985,177.05999505519867,89.6649977536872,14.034999651834369,3.319999974220991,2.969999933615327,2,2.079851627349853,6810.264312051332,1
3.4899999536573887,8.074999932199717,55.8549988232553,29.359999127686024,9.159999769181011,12.98999970406294,15.20999991055578,10.064999691210687,5.554999924264848,82.64499831199646,124.34999716281892,99.3199981721118,11.789999790489674,3.0899998992681503,2.9099999144673347,66,0.0,30.0,1
2.4599998937919736,1.6299999505281448,48.83499883115292,27.65499935299158,21.894999419339,19.079999521374702,29.53499932959676,14.55499972961843,3.269999846816063,83.30999729037285,114.55499777197838,78.964998036623,10.634999782778324,4.33499982021749,0.5499999858438969,35,5.855676651000977,4730.591929135296,1
3.564999796450138,11.414999866858125,41.374998703598976,39.98499927669764,4.784999907016754,21.05499951913953,18.394999584183097,11.829999767243862,4.074999880976975,70.9849983714521,136.5349966287613,84.22499760240316,18.46499966178089,11.694999769330025,7.079999742098153,162,9.49825668334961,6277.746410934421,1
3.4899999536573887,8.074999932199717,55.8549988232553,29.359999127686024,9.159999769181011,12.98999970406294,15.20999991055578,10.064999691210687,5.554999924264848,82.64499831199646,124.34999716281892,99.3199981721118,11.789999790489674,3.0899998992681503,2.9099999144673347,70,8.570061683654785,174.92855684535903,1
0.4799999818205833,1.9499999284744265,42.98499861173332,15.154999777674677,3.079999908804893,25.349999661557376,7.754999768920243,13.574999453499911,8.509999888949096,80.81999841332436,147.48499682545662,100.33999712765215,16.249999698251486,1.8549999492242928,0.7199999922886491,-3,0.9274099469184875,9164.202092926584,1
1.4450000077486038,5.9949998408555984,58.44499818235636,30.804999326355755,6.424999833106995,18.969999758526683,23.634999439120293,10.67499978095293,2.4599998965859413,69.51499853283167,147.8749977350235,81.4599983394146,18.779999759048223,4.139999814331532,0.8099999744445086,-4,3.822328329086304,2556.345047132722,1
0.9450000021606684,3.434999853372574,69.47499806433916,20.19999949913472,3.299999882467091,20.964999715797603,16.414999606087804,10.00499976053834,10.049999583512545,71.14999805390835,143.64999637007713,98.83499819040298,18.24999938905239,2.454999979585409,0.1950000021606683,-7,2.643838167190552,5238.931188706338,1
0.9450000021606684,3.434999853372574,69.47499806433916,20.19999949913472,3.299999882467091,20.964999715797603,16.414999606087804,10.00499976053834,10.049999583512545,71.14999805390835,143.64999637007713,98.83499819040298,18.24999938905239,2.454999979585409,0.1950000021606683,-3,2.8274271488189697,9860.831607932469,1
0.1999999918043613,2.229999938979745,60.16499868780375,28.77999936416745,8.374999765306711,18.86499946564436,32.88999926485121,21.244999303482476,1.7299999622628093,74.91999852657318,149.07999622821808,82.01999807357788,20.46999940276146,15.969999508932233,0.0299999983981251,-3,1.3230022192001345,7620.944823314233,1
0.1999999955296516,0.0,27.579999309033155,20.20999930705875,11.274999603629112,36.50999907031655,6.29999977722764,17.829999540001154,5.544999832287431,86.48999812453985,177.05999505519867,89.6649977536872,14.034999651834369,3.319999974220991,2.969999933615327,0,0.0,67.0820393249937,1
0.1349999904632568,0.0,12.499999706633387,14.664999623782933,6.619999775663018,39.324999143369496,4.794999876059592,15.81999958306551,11.519999934360383,91.62499766051768,170.07999601960182,88.88999731838703,15.039999544620514,3.7199999149888754,2.2649999232962728,0,12.070929527282717,0.0,1
0.1999999955296516,0.0,27.579999309033155,20.20999930705875,11.274999603629112,36.50999907031655,6.29999977722764,17.829999540001154,5.544999832287431,86.48999812453985,177.05999505519867,89.6649977536872,14.034999651834369,3.319999974220991,2.969999933615327,3,3.9608540534973145,4201.928128847518,1
0.9450000021606684,3.434999853372574,69.47499806433916,20.19999949913472,3.299999882467091,20.964999715797603,16.414999606087804,10.00499976053834,10.049999583512545,71.14999805390835,143.64999637007713,98.83499819040298,18.24999938905239,2.454999979585409,0.1950000021606683,0,1.8853367567062376,11142.122777998811,1
3.4899999536573887,8.074999932199717,55.8549988232553,29.359999127686024,9.159999769181011,12.98999970406294,15.20999991055578,10.064999691210687,5.554999924264848,82.64499831199646,124.34999716281892,99.3199981721118,11.789999790489674,3.0899998992681503,2.9099999144673347,77,23.240028381347656,241.86773244895647,1
1.4950000094249845,0.25,70.22999874129891,26.3899998255074,4.939999893307686,18.724999403581023,19.749999311752617,10.789999786764383,6.149999955669045,78.3849988207221,149.22999614477158,84.2349982559681,21.72999945655465,4.334999909624457,0.1899999976158142,-5,0.0,1492.1796138535065,1
1.4450000077486038,5.9949998408555984,58.44499818235636,30.804999326355755,6.424999833106995,18.969999758526683,23.634999439120293,10.67499978095293,2.4599998965859413,69.51499853283167,147.8749977350235,81.4599983394146,18.779999759048223,4.139999814331532,0.8099999744445086,-1,1.3226755857467651,2732.800761124016,1
1.2099999831989408,1.0599999651312828,29.339999362826347,35.41999903321266,20.929999481886625,18.849999444559216,28.46999967470765,14.269999580457808,1.6849999725818634,89.54499815404415,124.12999773025513,91.05999806523324,10.634999693371356,4.929999887943268,0.7949999701231718,34,1.3230582475662231,9300.0,1
1.4450000077486038,5.9949998408555984,58.44499818235636,30.804999326355755,6.424999833106995,18.969999758526683,23.634999439120293,10.67499978095293,2.4599998965859413,69.51499853283167,147.8749977350235,81.4599983394146,18.779999759048223,4.139999814331532,0.8099999744445086,-5,3.879893064498901,7086.353081804491,1
0.9450000021606684,3.434999853372574,69.47499806433916,20.19999949913472,3.299999882467091,20.964999715797603,16.414999606087804,10.00499976053834,10.049999583512545,71.14999805390835,143.64999637007713,98.83499819040298,18.24999938905239,2.454999979585409,0.1950000021606683,0,0.942979097366333,11063.778739653104,1
1.4950000094249845,0.25,70.22999874129891,26.3899998255074,4.939999893307686,18.724999403581023,19.749999311752617,10.789999786764383,6.149999955669045,78.3849988207221,149.22999614477158,84.2349982559681,21.72999945655465,4.334999909624457,0.1899999976158142,0,0.0,0.0,1
0.1999999955296516,0.0,27.579999309033155,20.20999930705875,11.274999603629112,36.50999907031655,6.29999977722764,17.829999540001154,5.544999832287431,86.48999812453985,177.05999505519867,89.6649977536872,14.034999651834369,3.319999974220991,2.969999933615327,0,0.0,0.0,1
2.2999998619779944,4.824999824166298,39.05499912798405,37.61999933421612,26.469999361783263,14.069999636150897,18.8449993096292,16.214999719522893,4.4449998661875725,85.86499777436256,109.76999720931052,86.74499779939651,10.59999979287386,3.694999997504056,2.629999965429306,70,2.827991008758545,331.36083051561786,1
1.4450000077486038,5.9949998408555984,58.44499818235636,30.804999326355755,6.424999833106995,18.969999758526683,23.634999439120293,10.67499978095293,2.4599998965859413,69.51499853283167,147.8749977350235,81.4599983394146,18.779999759048223,4.139999814331532,0.8099999744445086,1,2.97580885887146,10693.558808927924,1
9.434999763965608,17.099999519996345,31.82999912276864,45.86499884724617,23.67999954707921,16.904999654740095,24.45999947655946,19.80999942868948,2.149999968707561,88.70999884605408,115.59499633312224,76.55499786138535,12.619999647140505,10.449999786913397,1.0499999606981874,20,3.3587305545806885,25666.117743047933,1
0.1999999918043613,2.229999938979745,60.16499868780375,28.77999936416745,8.374999765306711,18.86499946564436,32.88999926485121,21.244999303482476,1.7299999622628093,74.91999852657318,149.07999622821808,82.01999807357788,20.46999940276146,15.969999508932233,0.0299999983981251,-3,0.9274099469184875,7941.448230644081,1
1.4950000094249845,0.25,70.22999874129891,26.3899998255074,4.939999893307686,18.724999403581023,19.749999311752617,10.789999786764383,6.149999955669045,78.3849988207221,149.22999614477158,84.2349982559681,21.72999945655465,4.334999909624457,0.1899999976158142,0,0.0,0.0,1
0.4799999818205833,1.9499999284744265,42.98499861173332,15.154999777674677,3.079999908804893,25.349999661557376,7.754999768920243,13.574999453499911,8.509999888949096,80.81999841332436,147.48499682545662,100.33999712765215,16.249999698251486,1.8549999492242928,0.7199999922886491,5,5.626119613647461,10898.880676473158,1
0.1999999955296516,0.0,27.579999309033155,20.20999930705875,11.274999603629112,36.50999907031655,6.29999977722764,17.829999540001154,5.544999832287431,86.48999812453985,177.05999505519867,89.6649977536872,14.034999651834369,3.319999974220991,2.969999933615327,0,0.0,0.0,1
3.259999867528677,1.26999993622303,57.47999848797917,22.55999954789877,5.789999885484576,18.71999965701252,9.769999727606772,13.689999744296074,2.334999907761812,82.06999769806862,142.44999599456787,96.0099972859025,18.199999883770943,0.5999999782070518,2.6649999441578984,1,1.3222298622131348,8576.852569561866,1
0.9450000021606684,3.434999853372574,69.47499806433916,20.19999949913472,3.299999882467091,20.964999715797603,16.414999606087804,10.00499976053834,10.049999583512545,71.14999805390835,143.64999637007713,98.83499819040298,18.24999938905239,2.454999979585409,0.1950000021606683,-4,0.9431283473968506,7579.023683826301,1
0.1999999955296516,0.0,27.579999309033155,20.20999930705875,11.274999603629112,36.50999907031655,6.29999977722764,17.829999540001154,5.544999832287431,86.48999812453985,177.05999505519867,89.6649977536872,14.034999651834369,3.319999974220991,2.969999933615327,0,0.0,0.0,1
0.9450000021606684,3.434999853372574,69.47499806433916,20.19999949913472,3.299999882467091,20.964999715797603,16.414999606087804,10.00499976053834,10.049999583512545,71.14999805390835,143.64999637007713,98.83499819040298,18.24999938905239,2.454999979585409,0.1950000021606683,-2,2.7802884578704834,9091.23753952123,1
0.9450000021606684,3.434999853372574,69.47499806433916,20.19999949913472,3.299999882467091,20.964999715797603,16.414999606087804,10.00499976053834,10.049999583512545,71.14999805390835,143.64999637007713,98.83499819040298,18.24999938905239,2.454999979585409,0.1950000021606683,-3,5.053794860839844,9182.009583963632,1
1.4950000094249845,0.25,70.22999874129891,26.3899998255074,4.939999893307686,18.724999403581023,19.749999311752617,10.789999786764383,6.149999955669045,78.3849988207221,149.22999614477158,84.2349982559681,21.72999945655465,4.334999909624457,0.1899999976158142,1,2.644087076187134,3330.0,1
3.564999796450138,11.414999866858125,41.374998703598976,39.98499927669764,4.784999907016754,21.05499951913953,18.394999584183097,11.829999767243862,4.074999880976975,70.9849983714521,136.5349966287613,84.22499760240316,18.46499966178089,11.694999769330025,7.079999742098153,576,24.827787399291992,8371.236467810475,1
1.4450000077486038,5.9949998408555984,58.44499818235636,30.804999326355755,6.424999833106995,18.969999758526683,23.634999439120293,10.67499978095293,2.4599998965859413,69.51499853283167,147.8749977350235,81.4599983394146,18.779999759048223,4.139999814331532,0.8099999744445086,-4,1.8861050605773928,5431.325804994578,1
1.4450000077486038,5.9949998408555984,58.44499818235636,30.804999326355755,6.424999833106995,18.969999758526683,23.634999439120293,10.67499978095293,2.4599998965859413,69.51499853283167,147.8749977350235,81.4599983394146,18.779999759048223,4.139999814331532,0.8099999744445086,-3,3.8223259449005127,1471.2239802287074,1
0.8700000010430813,2.83499988168478,28.43499935232103,44.05999930202961,6.8899997593835,20.399999354965985,18.15999935939908,14.83999965712428,1.9699999205768108,67.5449982881546,99.50999799370766,73.61999813653529,17.239999561570585,3.6249998938292265,5.804999891668558,801,20.53743553161621,30.0,1
1.4450000077486038,5.9949998408555984,58.44499818235636,30.804999326355755,6.424999833106995,18.969999758526683,23.634999439120293,10.67499978095293,2.4599998965859413,69.51499853283167,147.8749977350235,81.4599983394146,18.779999759048223,4.139999814331532,0.8099999744445086,-2,2.827937602996826,6924.023396840887,1
0.1999999955296516,0.0,27.579999309033155,20.20999930705875,11.274999603629112,36.50999907031655,6.29999977722764,17.829999540001154,5.544999832287431,86.48999812453985,177.05999505519867,89.6649977536872,14.034999651834369,3.319999974220991,2.969999933615327,-1,2.7802884578704834,1506.5855435387664,1
0.1999999955296516,0.0,27.579999309033155,20.20999930705875,11.274999603629112,36.50999907031655,6.29999977722764,17.829999540001154,5.544999832287431,86.48999812453985,177.05999505519867,89.6649977536872,14.034999651834369,3.319999974220991,2.969999933615327,0,4.993159294128418,30.0,1
3.259999867528677,1.26999993622303,57.47999848797917,22.55999954789877,5.789999885484576,18.71999965701252,9.769999727606772,13.689999744296074,2.334999907761812,82.06999769806862,142.44999599456787,96.0099972859025,18.199999883770943,0.5999999782070518,2.6649999441578984,6,0.9274099469184875,8966.43741962213,1
2.4599998937919736,1.6299999505281448,48.83499883115292,27.65499935299158,21.894999419339,19.079999521374702,29.53499932959676,14.55499972961843,3.269999846816063,83.30999729037285,114.55499777197838,78.964998036623,10.634999782778324,4.33499982021749,0.5499999858438969,85,20.923572540283203,67.0820393249937,1
0.1999999955296516,0.0,27.579999309033155,20.20999930705875,11.274999603629112,36.50999907031655,6.29999977722764,17.829999540001154,5.544999832287431,86.48999812453985,177.05999505519867,89.6649977536872,14.034999651834369,3.319999974220991,2.969999933615327,0,4.194157123565674,152.97058540778357,1
0.464999983087182,0.0,33.609999388456345,25.21499954815954,10.834999799728394,29.979999544098973,5.62499984819442,16.21999946795404,1.3999999687075615,83.7399981468916,158.61499631404877,92.7449980378151,25.97499928623438,1.9949999274685977,5.234999760985375,0,3.3778727054595947,9245.890979240454,1
2.4599998937919736,1.6299999505281448,48.83499883115292,27.65499935299158,21.894999419339,19.079999521374702,29.53499932959676,14.55499972961843,3.269999846816063,83.30999729037285,114.55499777197838,78.964998036623,10.634999782778324,4.33499982021749,0.5499999858438969,87,17.46046257019043,94.8683298050514,1
0.9450000021606684,3.434999853372574,69.47499806433916,20.19999949913472,3.299999882467091,20.964999715797603,16.414999606087804,10.00499976053834,10.049999583512545,71.14999805390835,143.64999637007713,98.83499819040298,18.24999938905239,2.454999979585409,0.1950000021606683,-2,3.8223235607147217,1186.8024266911489,1
3.4899999536573887,8.074999932199717,55.8549988232553,29.359999127686024,9.159999769181011,12.98999970406294,15.20999991055578,10.064999691210687,5.554999924264848,82.64499831199646,124.34999716281892,99.3199981721118,11.789999790489674,3.0899998992681503,2.9099999144673347,66,0.0,0.0,1
0.4099999964237213,1.389999970793724,35.58499903231859,46.0699987411499,22.419999677687883,19.284999516792595,24.469999637454748,12.939999676309526,1.66499999538064,89.35499835759401,105.85999783873558,84.45499789714813,7.10499978531152,0.7899999842047691,5.9149998454377055,62,17.3989315032959,416.7733196834941,1
1.4450000077486038,5.9949998408555984,58.44499818235636,30.804999326355755,6.424999833106995,18.969999758526683,23.634999439120293,10.67499978095293,2.4599998965859413,69.51499853283167,147.8749977350235,81.4599983394146,18.779999759048223,4.139999814331532,0.8099999744445086,-2,0.9432384371757508,3602.124373199793,1
1.454999971203506,0.0,56.624998464249074,19.459999420680106,5.534999786876142,19.259999653324485,8.739999869838357,17.884999565780163,1.7349999565631151,90.14499779045582,149.77499732375145,96.41499831527472,20.48499973211437,0.7349999863654375,2.034999960102141,-2,2.0799262523651123,10726.290132193888,1
0.4799999818205833,1.9499999284744265,42.98499861173332,15.154999777674677,3.079999908804893,25.349999661557376,7.754999768920243,13.574999453499911,8.509999888949096,80.81999841332436,147.48499682545662,100.33999712765215,16.249999698251486,1.8549999492242928,0.7199999922886491,6,0.0,4306.332546378647,1
0.7699999697506428,5.32999986410141,52.12999873235822,34.70999921485782,12.779999762773514,17.179999381303787,27.51999955624342,17.474999494850636,1.2049999833106997,82.36499762535095,139.8949971795082,80.69999772310257,12.789999708533289,3.729999923147261,0.5349999815225601,13,0.9274099469184875,18066.00398538648,1
1.4450000077486038,5.9949998408555984,58.44499818235636,30.804999326355755,6.424999833106995,18.969999758526683,23.634999439120293,10.67499978095293,2.4599998965859413,69.51499853283167,147.8749977350235,81.4599983394146,18.779999759048223,4.139999814331532,0.8099999744445086,0,7.467216491699219,9753.507061565087,1
0.9450000021606684,3.434999853372574,69.47499806433916,20.19999949913472,3.299999882467091,20.964999715797603,16.414999606087804,10.00499976053834,10.049999583512545,71.14999805390835,143.64999637007713,98.83499819040298,18.24999938905239,2.454999979585409,0.1950000021606683,-2,2.101247787475586,3870.8138679094345,1
0.4799999818205833,1.9499999284744265,42.98499861173332,15.154999777674677,3.079999908804893,25.349999661557376,7.754999768920243,13.574999453499911,8.509999888949096,80.81999841332436,147.48499682545662,100.33999712765215,16.249999698251486,1.8549999492242928,0.7199999922886491,-2,3.704791784286499,7963.573318554931,1
0.9450000021606684,3.434999853372574,69.47499806433916,20.19999949913472,3.299999882467091,20.964999715797603,16.414999606087804,10.00499976053834,10.049999583512545,71.14999805390835,143.64999637007713,98.83499819040298,18.24999938905239,2.454999979585409,0.1950000021606683,-5,0.9431977272033693,9490.674370138298,1
2.4599998937919736,1.6299999505281448,48.83499883115292,27.65499935299158,21.894999419339,19.079999521374702,29.53499932959676,14.55499972961843,3.269999846816063,83.30999729037285,114.55499777197838,78.964998036623,10.634999782778324,4.33499982021749,0.5499999858438969,70,0.0,0.0,1
1.454999971203506,0.0,56.624998464249074,19.459999420680106,5.534999786876142,19.259999653324485,8.739999869838357,17.884999565780163,1.7349999565631151,90.14499779045582,149.77499732375145,96.41499831527472,20.48499973211437,0.7349999863654375,2.034999960102141,-1,1.885224461555481,13757.052736687465,1
0.464999983087182,0.0,33.609999388456345,25.21499954815954,10.834999799728394,29.979999544098973,5.62499984819442,16.21999946795404,1.3999999687075615,83.7399981468916,158.61499631404877,92.7449980378151,25.97499928623438,1.9949999274685977,5.234999760985375,2,0.9423524141311646,7080.572010791218,1
1.454999971203506,0.0,56.624998464249074,19.459999420680106,5.534999786876142,19.259999653324485,8.739999869838357,17.884999565780163,1.7349999565631151,90.14499779045582,149.77499732375145,96.41499831527472,20.48499973211437,0.7349999863654375,2.034999960102141,-1,3.878163576126098,13746.450450934595,1
0.7699999697506428,5.32999986410141,52.12999873235822,34.70999921485782,12.779999762773514,17.179999381303787,27.51999955624342,17.474999494850636,1.2049999833106997,82.36499762535095,139.8949971795082,80.69999772310257,12.789999708533289,3.729999923147261,0.5349999815225601,71,13.295750617980955,18418.97391278895,1
1.4450000077486038,5.9949998408555984,58.44499818235636,30.804999326355755,6.424999833106995,18.969999758526683,23.634999439120293,10.67499978095293,2.4599998965859413,69.51499853283167,147.8749977350235,81.4599983394146,18.779999759048223,4.139999814331532,0.8099999744445086,0,2.9760613441467285,9883.804935347522,1
1.4450000077486038,5.9949998408555984,58.44499818235636,30.804999326355755,6.424999833106995,18.969999758526683,23.634999439120293,10.67499978095293,2.4599998965859413,69.51499853283167,147.8749977350235,81.4599983394146,18.779999759048223,4.139999814331532,0.8099999744445086,-1,3.879903078079224,3127.059321471213,1
1.354999952018261,2.934999890625477,52.55999870970845,21.6599995540455,6.1349998051300645,14.814999550580978,23.92999942228198,15.724999763071535,3.354999929666519,91.64999756217004,135.54999741911888,88.08999839425087,18.80499968212098,2.749999903142452,0.9299999829381704,14,7.276556491851807,10244.417992253148,1
1.4450000077486038,5.9949998408555984,58.44499818235636,30.804999326355755,6.424999833106995,18.969999758526683,23.634999439120293,10.67499978095293,2.4599998965859413,69.51499853283167,147.8749977350235,81.4599983394146,18.779999759048223,4.139999814331532,0.8099999744445086,-1,4.70595645904541,5400.16666409473,1
0.1999999955296516,0.0,27.579999309033155,20.20999930705875,11.274999603629112,36.50999907031655,6.29999977722764,17.829999540001154,5.544999832287431,86.48999812453985,177.05999505519867,89.6649977536872,14.034999651834369,3.319999974220991,2.969999933615327,4,4.791803359985352,958.5927185202274,1
9.434999763965608,17.099999519996345,31.82999912276864,45.86499884724617,23.67999954707921,16.904999654740095,24.45999947655946,19.80999942868948,2.149999968707561,88.70999884605408,115.59499633312224,76.55499786138535,12.619999647140505,10.449999786913397,1.0499999606981874,19,5.938681125640869,24765.704108706457,1
0.9450000021606684,3.434999853372574,69.47499806433916,20.19999949913472,3.299999882467091,20.964999715797603,16.414999606087804,10.00499976053834,10.049999583512545,71.14999805390835,143.64999637007713,98.83499819040298,18.24999938905239,2.454999979585409,0.1950000021606683,-5,2.08008885383606,6249.943999749118,1
1.454999971203506,0.0,56.624998464249074,19.459999420680106,5.534999786876142,19.259999653324485,8.739999869838357,17.884999565780163,1.7349999565631151,90.14499779045582,149.77499732375145,96.41499831527472,20.48499973211437,0.7349999863654375,2.034999960102141,-3,2.826477289199829,13926.496328940742,1
1.454999971203506,0.0,56.624998464249074,19.459999420680106,5.534999786876142,19.259999653324485,8.739999869838357,17.884999565780163,1.7349999565631151,90.14499779045582,149.77499732375145,96.41499831527472,20.48499973211437,0.7349999863654375,2.034999960102141,-3,3.8779242038726807,11779.040707969389,1
1.4450000077486038,5.9949998408555984,58.44499818235636,30.804999326355755,6.424999833106995,18.969999758526683,23.634999439120293,10.67499978095293,2.4599998965859413,69.51499853283167,147.8749977350235,81.4599983394146,18.779999759048223,4.139999814331532,0.8099999744445086,-2,1.3227131366729736,3032.3753065872306,1
0.9450000021606684,3.434999853372574,69.47499806433916,20.19999949913472,3.299999882467091,20.964999715797603,16.414999606087804,10.00499976053834,10.049999583512545,71.14999805390835,143.64999637007713,98.83499819040298,18.24999938905239,2.454999979585409,0.1950000021606683,-1,2.7802884578704834,9670.475686335189,1
2.4599998937919736,1.6299999505281448,48.83499883115292,27.65499935299158,21.894999419339,19.079999521374702,29.53499932959676,14.55499972961843,3.269999846816063,83.30999729037285,114.55499777197838,78.964998036623,10.634999782778324,4.33499982021749,0.5499999858438969,70,0.0,0.0,1
1.4950000094249845,0.25,70.22999874129891,26.3899998255074,4.939999893307686,18.724999403581023,19.749999311752617,10.789999786764383,6.149999955669045,78.3849988207221,149.22999614477158,84.2349982559681,21.72999945655465,4.334999909624457,0.1899999976158142,0,0.0,0.0,1
0.1999999918043613,2.229999938979745,60.16499868780375,28.77999936416745,8.374999765306711,18.86499946564436,32.88999926485121,21.244999303482476,1.7299999622628093,74.91999852657318,149.07999622821808,82.01999807357788,20.46999940276146,15.969999508932233,0.0299999983981251,-5,0.0,8010.898825974523,1
0.1999999955296516,0.0,27.579999309033155,20.20999930705875,11.274999603629112,36.50999907031655,6.29999977722764,17.829999540001154,5.544999832287431,86.48999812453985,177.05999505519867,89.6649977536872,14.034999651834369,3.319999974220991,2.969999933615327,1,0.0,30.0,1
0.464999983087182,0.0,33.609999388456345,25.21499954815954,10.834999799728394,29.979999544098973,5.62499984819442,16.21999946795404,1.3999999687075615,83.7399981468916,158.61499631404877,92.7449980378151,25.97499928623438,1.9949999274685977,5.234999760985375,-2,4.675323963165283,9121.77614283534,1
0.1999999955296516,0.0,27.579999309033155,20.20999930705875,11.274999603629112,36.50999907031655,6.29999977722764,17.829999540001154,5.544999832287431,86.48999812453985,177.05999505519867,89.6649977536872,14.034999651834369,3.319999974220991,2.969999933615327,0,0.0,30.0,1
0.9450000021606684,3.434999853372574,69.47499806433916,20.19999949913472,3.299999882467091,20.964999715797603,16.414999606087804,10.00499976053834,10.049999583512545,71.14999805390835,143.64999637007713,98.83499819040298,18.24999938905239,2.454999979585409,0.1950000021606683,-2,2.101046323776245,10007.642079930716,1
3.564999796450138,11.414999866858125,41.374998703598976,39.98499927669764,4.784999907016754,21.05499951913953,18.394999584183097,11.829999767243862,4.074999880976975,70.9849983714521,136.5349966287613,84.22499760240316,18.46499966178089,11.694999769330025,7.079999742098153,143,5.415557861328125,7136.784990456137,1
1.4450000077486038,5.9949998408555984,58.44499818235636,30.804999326355755,6.424999833106995,18.969999758526683,23.634999439120293,10.67499978095293,2.4599998965859413,69.51499853283167,147.8749977350235,81.4599983394146,18.779999759048223,4.139999814331532,0.8099999744445086,1,3.358083724975586,10177.475128930557,1
1.4450000077486038,5.9949998408555984,58.44499818235636,30.804999326355755,6.424999833106995,18.969999758526683,23.634999439120293,10.67499978095293,2.4599998965859413,69.51499853283167,147.8749977350235,81.4599983394146,18.779999759048223,4.139999814331532,0.8099999744445086,-1,2.644233703613281,9286.054059717722,1
0.8700000010430813,2.83499988168478,28.43499935232103,44.05999930202961,6.8899997593835,20.399999354965985,18.15999935939908,14.83999965712428,1.9699999205768108,67.5449982881546,99.50999799370766,73.61999813653529,17.239999561570585,3.6249998938292265,5.804999891668558,800,0.0,0.0,1
3.4899999536573887,8.074999932199717,55.8549988232553,29.359999127686024,9.159999769181011,12.98999970406294,15.20999991055578,10.064999691210687,5.554999924264848,82.64499831199646,124.34999716281892,99.3199981721118,11.789999790489674,3.0899998992681503,2.9099999144673347,72,2.1009631156921387,42.42640687119285,1
1.4450000077486038,5.9949998408555984,58.44499818235636,30.804999326355755,6.424999833106995,18.969999758526683,23.634999439120293,10.67499978095293,2.4599998965859413,69.51499853283167,147.8749977350235,81.4599983394146,18.779999759048223,4.139999814331532,0.8099999744445086,-2,2.975748300552368,10568.348972285125,1
0.9450000021606684,3.434999853372574,69.47499806433916,20.19999949913472,3.299999882467091,20.964999715797603,16.414999606087804,10.00499976053834,10.049999583512545,71.14999805390835,143.64999637007713,98.83499819040298,18.24999938905239,2.454999979585409,0.1950000021606683,-7,9.250290870666504,5692.890302825095,1
1.4950000094249845,0.25,70.22999874129891,26.3899998255074,4.939999893307686,18.724999403581023,19.749999311752617,10.789999786764383,6.149999955669045,78.3849988207221,149.22999614477158,84.2349982559681,21.72999945655465,4.334999909624457,0.1899999976158142,0,0.0,0.0,1
1.4950000094249845,0.25,70.22999874129891,26.3899998255074,4.939999893307686,18.724999403581023,19.749999311752617,10.789999786764383,6.149999955669045,78.3849988207221,149.22999614477158,84.2349982559681,21.72999945655465,4.334999909624457,0.1899999976158142,1,0.0,0.0,1
3.259999867528677,1.26999993622303,57.47999848797917,22.55999954789877,5.789999885484576,18.71999965701252,9.769999727606772,13.689999744296074,2.334999907761812,82.06999769806862,142.44999599456787,96.0099972859025,18.199999883770943,0.5999999782070518,2.6649999441578984,5,4.6547627449035645,15127.170918582233,1
0.464999983087182,0.0,33.609999388456345,25.21499954815954,10.834999799728394,29.979999544098973,5.62499984819442,16.21999946795404,1.3999999687075615,83.7399981468916,158.61499631404877,92.7449980378151,25.97499928623438,1.9949999274685977,5.234999760985375,3,3.8221688270568848,6873.208857586098,1
0.9450000021606684,3.434999853372574,69.47499806433916,20.19999949913472,3.299999882467091,20.964999715797603,16.414999606087804,10.00499976053834,10.049999583512545,71.14999805390835,143.64999637007713,98.83499819040298,18.24999938905239,2.454999979585409,0.1950000021606683,-3,2.1008424758911133,10974.629834304207,1
1.4450000077486038,5.9949998408555984,58.44499818235636,30.804999326355755,6.424999833106995,18.969999758526683,23.634999439120293,10.67499978095293,2.4599998965859413,69.51499853283167,147.8749977350235,81.4599983394146,18.779999759048223,4.139999814331532,0.8099999744445086,-3,1.3227005004882812,4817.4059409603415,1
0.4099999964237213,1.389999970793724,35.58499903231859,46.0699987411499,22.419999677687883,19.284999516792595,24.469999637454748,12.939999676309526,1.66499999538064,89.35499835759401,105.85999783873558,84.45499789714813,7.10499978531152,0.7899999842047691,5.9149998454377055,63,18.664379119873047,201.24611797498108,1
0.9450000021606684,3.434999853372574,69.47499806433916,20.19999949913472,3.299999882467091,20.964999715797603,16.414999606087804,10.00499976053834,10.049999583512545,71.14999805390835,143.64999637007713,98.83499819040298,18.24999938905239,2.454999979585409,0.1950000021606683,-3,3.8786895275115967,10864.142856203613,1
1.4950000094249845,0.25,70.22999874129891,26.3899998255074,4.939999893307686,18.724999403581023,19.749999311752617,10.789999786764383,6.149999955669045,78.3849988207221,149.22999614477158,84.2349982559681,21.72999945655465,4.334999909624457,0.1899999976158142,0,0.0,0.0,1
1.4450000077486038,5.9949998408555984,58.44499818235636,30.804999326355755,6.424999833106995,18.969999758526683,23.634999439120293,10.67499978095293,2.4599998965859413,69.51499853283167,147.8749977350235,81.4599983394146,18.779999759048223,4.139999814331532,0.8099999744445086,-4,0.0,4478.448392021504,1
2.2999998619779944,4.824999824166298,39.05499912798405,37.61999933421612,26.469999361783263,14.069999636150897,18.8449993096292,16.214999719522893,4.4449998661875725,85.86499777436256,109.76999720931052,86.74499779939651,10.59999979287386,3.694999997504056,2.629999965429306,70,0.0,0.0,1
1.4450000077486038,5.9949998408555984,58.44499818235636,30.804999326355755,6.424999833106995,18.969999758526683,23.634999439120293,10.67499978095293,2.4599998965859413,69.51499853283167,147.8749977350235,81.4599983394146,18.779999759048223,4.139999814331532,0.8099999744445086,-4,5.276594638824463,3691.950703896248,1
0.4799999818205833,1.9499999284744265,42.98499861173332,15.154999777674677,3.079999908804893,25.349999661557376,7.754999768920243,13.574999453499911,8.509999888949096,80.81999841332436,147.48499682545662,100.33999712765215,16.249999698251486,1.8549999492242928,0.7199999922886491,-5,0.0,6953.85504594394,1
2.4599998937919736,1.6299999505281448,48.83499883115292,27.65499935299158,21.894999419339,19.079999521374702,29.53499932959676,14.55499972961843,3.269999846816063,83.30999729037285,114.55499777197838,78.964998036623,10.634999782778324,4.33499982021749,0.5499999858438969,70,0.0,84.8528137423857,1
0.0199999995529651,0.0,55.004999292083085,9.01999991759658,4.809999912977219,13.04499952495098,9.524999707005918,13.309999765828252,0.1499999910593032,88.4099983125925,181.5299954414368,96.45999774336816,17.084999630227685,2.604999986477196,0.0,0,0.0,0.0,1
1.4450000077486038,5.9949998408555984,58.44499818235636,30.804999326355755,6.424999833106995,18.969999758526683,23.634999439120293,10.67499978095293,2.4599998965859413,69.51499853283167,147.8749977350235,81.4599983394146,18.779999759048223,4.139999814331532,0.8099999744445086,-5,2.0801379680633545,2676.0605374318425,1
1.4450000077486038,5.9949998408555984,58.44499818235636,30.804999326355755,6.424999833106995,18.969999758526683,23.634999439120293,10.67499978095293,2.4599998965859413,69.51499853283167,147.8749977350235,81.4599983394146,18.779999759048223,4.139999814331532,0.8099999744445086,0,6.826253890991211,8642.55170652742,1
1.4450000077486038,5.9949998408555984,58.44499818235636,30.804999326355755,6.424999833106995,18.969999758526683,23.634999439120293,10.67499978095293,2.4599998965859413,69.51499853283167,147.8749977350235,81.4599983394146,18.779999759048223,4.139999814331532,0.8099999744445086,-1,1.886149287223816,7871.727891638532,1
0.1349999904632568,0.0,12.499999706633387,14.664999623782933,6.619999775663018,39.324999143369496,4.794999876059592,15.81999958306551,11.519999934360383,91.62499766051768,170.07999601960182,88.88999731838703,15.039999544620514,3.7199999149888754,2.2649999232962728,12,1.854334115982056,2720.918962409576,1
1.454999971203506,0.0,56.624998464249074,19.459999420680106,5.534999786876142,19.259999653324485,8.739999869838357,17.884999565780163,1.7349999565631151,90.14499779045582,149.77499732375145,96.41499831527472,20.48499973211437,0.7349999863654375,2.034999960102141,3,11.912280082702637,6727.295147382787,1
1.454999971203506,0.0,56.624998464249074,19.459999420680106,5.534999786876142,19.259999653324485,8.739999869838357,17.884999565780163,1.7349999565631151,90.14499779045582,149.77499732375145,96.41499831527472,20.48499973211437,0.7349999863654375,2.034999960102141,-2,1.3224226236343384,15086.74915281619,1
1.454999971203506,0.0,56.624998464249074,19.459999420680106,5.534999786876142,19.259999653324485,8.739999869838357,17.884999565780163,1.7349999565631151,90.14499779045582,149.77499732375145,96.41499831527472,20.48499973211437,0.7349999863654375,2.034999960102141,-3,1.3224040269851685,11894.006894230388,1
0.96499998960644,6.125,52.26499863527715,21.36999960057437,5.329999882727861,17.919999529607594,20.334999510087076,12.949999619275331,3.38999992236495,76.89999839663506,146.05999666452408,97.38499760627748,23.024999444372952,0.7849999833852053,0.7099999897181988,0,10.395026206970217,13261.560994091156,1
5.914999812841415,3.7049999833107,15.599999703466892,77.54999861586839,48.0849987231195,15.819999539293349,19.829999450594187,12.214999719522892,1.559999942779541,93.08499698340891,85.58499828726053,55.90499835833907,3.324999962002039,0.1049999967217445,2.459999917075038,49,2.82947850227356,16909.172067253912,1
2.2999998619779944,4.824999824166298,39.05499912798405,37.61999933421612,26.469999361783263,14.069999636150897,18.8449993096292,16.214999719522893,4.4449998661875725,85.86499777436256,109.76999720931052,86.74499779939651,10.59999979287386,3.694999997504056,2.629999965429306,70,0.0,1064.048871058092,1
0.9450000021606684,3.434999853372574,69.47499806433916,20.19999949913472,3.299999882467091,20.964999715797603,16.414999606087804,10.00499976053834,10.049999583512545,71.14999805390835,143.64999637007713,98.83499819040298,18.24999938905239,2.454999979585409,0.1950000021606683,-6,3.962166547775269,6087.6350087698265,1
0.2249999865889549,0.0,17.98999958205968,23.914999298751358,6.8849997306242585,38.02499923110008,11.3899997593835,20.06499972194433,5.909999820403755,94.20499850064516,156.43499660491943,80.55999843776226,17.019999586045742,5.66999981738627,3.169999998994172,1,2.7802884578704834,4724.118965479172,1
5.444999858736992,4.329999953508377,25.829999282956123,70.9799986872822,29.499999433755875,14.254999565891922,25.63999940827489,13.069999652914705,5.254999836906791,98.53499687463044,94.66499811876564,68.40499864518642,2.9599999245256186,2.6099999621510506,2.760000001639128,33,4.656957149505615,8987.641514880308,1
0.96499998960644,6.125,52.26499863527715,21.36999960057437,5.329999882727861,17.919999529607594,20.334999510087076,12.949999619275331,3.38999992236495,76.89999839663506,146.05999666452408,97.38499760627748,23.024999444372952,0.7849999833852053,0.7099999897181988,-2,4.794471740722656,13141.404034577128,1
0.9450000021606684,3.434999853372574,69.47499806433916,20.19999949913472,3.299999882467091,20.964999715797603,16.414999606087804,10.00499976053834,10.049999583512545,71.14999805390835,143.64999637007713,98.83499819040298,18.24999938905239,2.454999979585409,0.1950000021606683,1,4.655410289764404,7749.122530970845,1
0.9450000021606684,3.434999853372574,69.47499806433916,20.19999949913472,3.299999882467091,20.964999715797603,16.414999606087804,10.00499976053834,10.049999583512545,71.14999805390835,143.64999637007713,98.83499819040298,18.24999938905239,2.454999979585409,0.1950000021606683,-4,2.080104112625122,9815.54888938973,1
0.4799999818205833,1.9499999284744265,42.98499861173332,15.154999777674677,3.079999908804893,25.349999661557376,7.754999768920243,13.574999453499911,8.509999888949096,80.81999841332436,147.48499682545662,100.33999712765215,16.249999698251486,1.8549999492242928,0.7199999922886491,-3,4.654698371887207,4253.868827314731,1
0.9450000021606684,3.434999853372574,69.47499806433916,20.19999949913472,3.299999882467091,20.964999715797603,16.414999606087804,10.00499976053834,10.049999583512545,71.14999805390835,143.64999637007713,98.83499819040298,18.24999938905239,2.454999979585409,0.1950000021606683,5,8.723455429077148,11527.380448306543,1
1.4950000094249845,0.25,70.22999874129891,26.3899998255074,4.939999893307686,18.724999403581023,19.749999311752617,10.789999786764383,6.149999955669045,78.3849988207221,149.22999614477158,84.2349982559681,21.72999945655465,4.334999909624457,0.1899999976158142,0,0.0,0.0,1
0.9450000021606684,3.434999853372574,69.47499806433916,20.19999949913472,3.299999882467091,20.964999715797603,16.414999606087804,10.00499976053834,10.049999583512545,71.14999805390835,143.64999637007713,98.83499819040298,18.24999938905239,2.454999979585409,0.1950000021606683,-5,2.080098867416382,8653.323061113573,1
2.169999949634075,5.159999867901206,29.15499943122268,41.99999884516001,7.6399998646229506,23.264999579638243,18.549999598413702,14.679999761283398,2.0849999859929085,71.26999790966511,128.38999766111374,79.31499820202589,15.059999823570251,4.454999886453152,7.034999901428819,417,5.052447319030762,127.27922061357854,1
0.8700000010430813,2.83499988168478,28.43499935232103,44.05999930202961,6.8899997593835,20.399999354965985,18.15999935939908,14.83999965712428,1.9699999205768108,67.5449982881546,99.50999799370766,73.61999813653529,17.239999561570585,3.6249998938292265,5.804999891668558,800,0.0,0.0,1
0.9450000021606684,3.434999853372574,69.47499806433916,20.19999949913472,3.299999882467091,20.964999715797603,16.414999606087804,10.00499976053834,10.049999583512545,71.14999805390835,143.64999637007713,98.83499819040298,18.24999938905239,2.454999979585409,0.1950000021606683,-5,0.9431241154670716,5325.908373226112,1
1.4450000077486038,5.9949998408555984,58.44499818235636,30.804999326355755,6.424999833106995,18.969999758526683,23.634999439120293,10.67499978095293,2.4599998965859413,69.51499853283167,147.8749977350235,81.4599983394146,18.779999759048223,4.139999814331532,0.8099999744445086,-3,0.943215548992157,7470.542149000968,1
1.4450000077486038,5.9949998408555984,58.44499818235636,30.804999326355755,6.424999833106995,18.969999758526683,23.634999439120293,10.67499978095293,2.4599998965859413,69.51499853283167,147.8749977350235,81.4599983394146,18.779999759048223,4.139999814331532,0.8099999744445086,-5,0.9432885646820068,4608.003906248344,1
0.1349999904632568,0.0,12.499999706633387,14.664999623782933,6.619999775663018,39.324999143369496,4.794999876059592,15.81999958306551,11.519999934360383,91.62499766051768,170.07999601960182,88.88999731838703,15.039999544620514,3.7199999149888754,2.2649999232962728,0,1.3221335411071775,60.0,1
1.4450000077486038,5.9949998408555984,58.44499818235636,30.804999326355755,6.424999833106995,18.969999758526683,23.634999439120293,10.67499978095293,2.4599998965859413,69.51499853283167,147.8749977350235,81.4599983394146,18.779999759048223,4.139999814331532,0.8099999744445086,1,3.7687971591949454,10221.94697697068,1
0.9450000021606684,3.434999853372574,69.47499806433916,20.19999949913472,3.299999882467091,20.964999715797603,16.414999606087804,10.00499976053834,10.049999583512545,71.14999805390835,143.64999637007713,98.83499819040298,18.24999938905239,2.454999979585409,0.1950000021606683,4,15.515137672424316,3186.9264189811474,1
0.9450000021606684,3.434999853372574,69.47499806433916,20.19999949913472,3.299999882467091,20.964999715797603,16.414999606087804,10.00499976053834,10.049999583512545,71.14999805390835,143.64999637007713,98.83499819040298,18.24999938905239,2.454999979585409,0.1950000021606683,-3,2.643876552581787,1919.2967462067973,1
3.259999867528677,1.26999993622303,57.47999848797917,22.55999954789877,5.789999885484576,18.71999965701252,9.769999727606772,13.689999744296074,2.334999907761812,82.06999769806862,142.44999599456787,96.0099972859025,18.199999883770943,0.5999999782070518,2.6649999441578984,6,1.322262406349182,13018.652003951867,1
0.2299999902024865,0.8799999784678221,31.644999369978905,43.64499872922897,11.58999975770712,24.049999467097223,11.294999646022916,13.159999772906303,13.509999349713326,71.06999830901623,117.63499712944032,83.90999752748758,16.234999667853117,3.8549999082461,7.624999797903001,431,4.675774097442627,240.0,1
0.1999999955296516,0.0,27.579999309033155,20.20999930705875,11.274999603629112,36.50999907031655,6.29999977722764,17.829999540001154,5.544999832287431,86.48999812453985,177.05999505519867,89.6649977536872,14.034999651834369,3.319999974220991,2.969999933615327,-1,1.3221194744110107,210.0,1
0.9450000021606684,3.434999853372574,69.47499806433916,20.19999949913472,3.299999882467091,20.964999715797603,16.414999606087804,10.00499976053834,10.049999583512545,71.14999805390835,143.64999637007713,98.83499819040298,18.24999938905239,2.454999979585409,0.1950000021606683,-6,2.1009042263031006,10836.147839523048,1
1.454999971203506,0.0,56.624998464249074,19.459999420680106,5.534999786876142,19.259999653324485,8.739999869838357,17.884999565780163,1.7349999565631151,90.14499779045582,149.77499732375145,96.41499831527472,20.48499973211437,0.7349999863654375,2.034999960102141,-3,2.0799720287323,14484.812736103975,1
1.454999971203506,0.0,56.624998464249074,19.459999420680106,5.534999786876142,19.259999653324485,8.739999869838357,17.884999565780163,1.7349999565631151,90.14499779045582,149.77499732375145,96.41499831527472,20.48499973211437,0.7349999863654375,2.034999960102141,-4,1.854334115982056,11460.157066986474,1
0.8700000010430813,2.83499988168478,28.43499935232103,44.05999930202961,6.8899997593835,20.399999354965985,18.15999935939908,14.83999965712428,1.9699999205768108,67.5449982881546,99.50999799370766,73.61999813653529,17.239999561570585,3.6249998938292265,5.804999891668558,867,41.34996795654297,2268.325373485912,1
3.4899999536573887,8.074999932199717,55.8549988232553,29.359999127686024,9.159999769181011,12.98999970406294,15.20999991055578,10.064999691210687,5.554999924264848,82.64499831199646,124.34999716281892,99.3199981721118,11.789999790489674,3.0899998992681503,2.9099999144673347,66,0.0,0.0,1
1.4450000077486038,5.9949998408555984,58.44499818235636,30.804999326355755,6.424999833106995,18.969999758526683,23.634999439120293,10.67499978095293,2.4599998965859413,69.51499853283167,147.8749977350235,81.4599983394146,18.779999759048223,4.139999814331532,0.8099999744445086,-3,2.6440155506134038,3415.5233859541936,1
0.1999999918043613,2.229999938979745,60.16499868780375,28.77999936416745,8.374999765306711,18.86499946564436,32.88999926485121,21.244999303482476,1.7299999622628093,74.91999852657318,149.07999622821808,82.01999807357788,20.46999940276146,15.969999508932233,0.0299999983981251,-2,1.854334115982056,7957.185432048194,1
1.4450000077486038,5.9949998408555984,58.44499818235636,30.804999326355755,6.424999833106995,18.969999758526683,23.634999439120293,10.67499978095293,2.4599998965859413,69.51499853283167,147.8749977350235,81.4599983394146,18.779999759048223,4.139999814331532,0.8099999744445086,-4,2.101506471633911,7030.824987154779,1
0.4099999964237213,1.389999970793724,35.58499903231859,46.0699987411499,22.419999677687883,19.284999516792595,24.469999637454748,12.939999676309526,1.66499999538064,89.35499835759401,105.85999783873558,84.45499789714813,7.10499978531152,0.7899999842047691,5.9149998454377055,51,0.0,94.8683298050514,1
0.9450000021606684,3.434999853372574,69.47499806433916,20.19999949913472,3.299999882467091,20.964999715797603,16.414999606087804,10.00499976053834,10.049999583512545,71.14999805390835,143.64999637007713,98.83499819040298,18.24999938905239,2.454999979585409,0.1950000021606683,-3,2.0800602436065674,11308.846094982458,1
1.454999971203506,0.0,56.624998464249074,19.459999420680106,5.534999786876142,19.259999653324485,8.739999869838357,17.884999565780163,1.7349999565631151,90.14499779045582,149.77499732375145,96.41499831527472,20.48499973211437,0.7349999863654375,2.034999960102141,-3,1.3223658800125122,12750.035294068795,1
0.1999999918043613,2.229999938979745,60.16499868780375,28.77999936416745,8.374999765306711,18.86499946564436,32.88999926485121,21.244999303482476,1.7299999622628093,74.91999852657318,149.07999622821808,82.01999807357788,20.46999940276146,15.969999508932233,0.0299999983981251,-6,0.943769872188568,5916.924876994806,1
0.9450000021606684,3.434999853372574,69.47499806433916,20.19999949913472,3.299999882467091,20.964999715797603,16.414999606087804,10.00499976053834,10.049999583512545,71.14999805390835,143.64999637007713,98.83499819040298,18.24999938905239,2.454999979585409,0.1950000021606683,-2,5.715135097503662,5514.290525534541,1
0.8700000010430813,2.83499988168478,28.43499935232103,44.05999930202961,6.8899997593835,20.399999354965985,18.15999935939908,14.83999965712428,1.9699999205768108,67.5449982881546,99.50999799370766,73.61999813653529,17.239999561570585,3.6249998938292265,5.804999891668558,802,1.8848073482513428,0.0,1
3.259999867528677,1.26999993622303,57.47999848797917,22.55999954789877,5.789999885484576,18.71999965701252,9.769999727606772,13.689999744296074,2.334999907761812,82.06999769806862,142.44999599456787,96.0099972859025,18.199999883770943,0.5999999782070518,2.6649999441578984,9,3.3572559356689453,15959.774434496248,1
0.9450000021606684,3.434999853372574,69.47499806433916,20.19999949913472,3.299999882467091,20.964999715797603,16.414999606087804,10.00499976053834,10.049999583512545,71.14999805390835,143.64999637007713,98.83499819040298,18.24999938905239,2.454999979585409,0.1950000021606683,-3,4.677224159240723,9378.53933190025,1
0.9450000021606684,3.434999853372574,69.47499806433916,20.19999949913472,3.299999882467091,20.964999715797603,16.414999606087804,10.00499976053834,10.049999583512545,71.14999805390835,143.64999637007713,98.83499819040298,18.24999938905239,2.454999979585409,0.1950000021606683,-2,0.9430599808692932,6870.262003737558,1
0.1999999955296516,0.0,27.579999309033155,20.20999930705875,11.274999603629112,36.50999907031655,6.29999977722764,17.829999540001154,5.544999832287431,86.48999812453985,177.05999505519867,89.6649977536872,14.034999651834369,3.319999974220991,2.969999933615327,-1,2.0798044204711914,930.4837451562494,1
0.1349999904632568,0.0,12.499999706633387,14.664999623782933,6.619999775663018,39.324999143369496,4.794999876059592,15.81999958306551,11.519999934360383,91.62499766051768,170.07999601960182,88.88999731838703,15.039999544620514,3.7199999149888754,2.2649999232962728,-1,3.765233039855957,3201.99937539032,1
1.454999971203506,0.0,56.624998464249074,19.459999420680106,5.534999786876142,19.259999653324485,8.739999869838357,17.884999565780163,1.7349999565631151,90.14499779045582,149.77499732375145,96.41499831527472,20.48499973211437,0.7349999863654375,2.034999960102141,-3,0.9274099469184875,10621.059269206626,1
0.9450000021606684,3.434999853372574,69.47499806433916,20.19999949913472,3.299999882467091,20.964999715797603,16.414999606087804,10.00499976053834,10.049999583512545,71.14999805390835,143.64999637007713,98.83499819040298,18.24999938905239,2.454999979585409,0.1950000021606683,-2,2.935388565063477,10419.332992087351,1
0.9450000021606684,3.434999853372574,69.47499806433916,20.19999949913472,3.299999882467091,20.964999715797603,16.414999606087804,10.00499976053834,10.049999583512545,71.14999805390835,143.64999637007713,98.83499819040298,18.24999938905239,2.454999979585409,0.1950000021606683,0,3.962123394012451,4376.40263229973,1
0.1999999918043613,2.229999938979745,60.16499868780375,28.77999936416745,8.374999765306711,18.86499946564436,32.88999926485121,21.244999303482476,1.7299999622628093,74.91999852657318,149.07999622821808,82.01999807357788,20.46999940276146,15.969999508932233,0.0299999983981251,-4,1.3230501413345337,5425.025345562913,1
1.4950000094249845,0.25,70.22999874129891,26.3899998255074,4.939999893307686,18.724999403581023,19.749999311752617,10.789999786764383,6.149999955669045,78.3849988207221,149.22999614477158,84.2349982559681,21.72999945655465,4.334999909624457,0.1899999976158142,0,0.0,30.0,1
0.9450000021606684,3.434999853372574,69.47499806433916,20.19999949913472,3.299999882467091,20.964999715797603,16.414999606087804,10.00499976053834,10.049999583512545,71.14999805390835,143.64999637007713,98.83499819040298,18.24999938905239,2.454999979585409,0.1950000021606683,-3,5.416374206542969,3494.0663989111595,1
1.4450000077486038,5.9949998408555984,58.44499818235636,30.804999326355755,6.424999833106995,18.969999758526683,23.634999439120293,10.67499978095293,2.4599998965859413,69.51499853283167,147.8749977350235,81.4599983394146,18.779999759048223,4.139999814331532,0.8099999744445086,-3,5.27717924118042,10588.9801208615,1
1.4450000077486038,5.9949998408555984,58.44499818235636,30.804999326355755,6.424999833106995,18.969999758526683,23.634999439120293,10.67499978095293,2.4599998965859413,69.51499853283167,147.8749977350235,81.4599983394146,18.779999759048223,4.139999814331532,0.8099999744445086,-2,1.3227107524871826,2671.5164233071823,1
3.4899999536573887,8.074999932199717,55.8549988232553,29.359999127686024,9.159999769181011,12.98999970406294,15.20999991055578,10.064999691210687,5.554999924264848,82.64499831199646,124.34999716281892,99.3199981721118,11.789999790489674,3.0899998992681503,2.9099999144673347,66,0.0,30.0,1
0.9450000021606684,3.434999853372574,69.47499806433916,20.19999949913472,3.299999882467091,20.964999715797603,16.414999606087804,10.00499976053834,10.049999583512545,71.14999805390835,143.64999637007713,98.83499819040298,18.24999938905239,2.454999979585409,0.1950000021606683,-1,1.3224985599517822,9690.41794764292,1
0.9450000021606684,3.434999853372574,69.47499806433916,20.19999949913472,3.299999882467091,20.964999715797603,16.414999606087804,10.00499976053834,10.049999583512545,71.14999805390835,143.64999637007713,98.83499819040298,18.24999938905239,2.454999979585409,0.1950000021606683,-5,1.3226321935653689,5471.608538629203,1
3.4899999536573887,8.074999932199717,55.8549988232553,29.359999127686024,9.159999769181011,12.98999970406294,15.20999991055578,10.064999691210687,5.554999924264848,82.64499831199646,124.34999716281892,99.3199981721118,11.789999790489674,3.0899998992681503,2.9099999144673347,66,0.0,0.0,1
0.1999999918043613,2.229999938979745,60.16499868780375,28.77999936416745,8.374999765306711,18.86499946564436,32.88999926485121,21.244999303482476,1.7299999622628093,74.91999852657318,149.07999622821808,82.01999807357788,20.46999940276146,15.969999508932233,0.0299999983981251,-5,0.9274099469184875,5720.489489545454,1
1.454999971203506,0.0,56.624998464249074,19.459999420680106,5.534999786876142,19.259999653324485,8.739999869838357,17.884999565780163,1.7349999565631151,90.14499779045582,149.77499732375145,96.41499831527472,20.48499973211437,0.7349999863654375,2.034999960102141,-3,0.9428038001060486,12759.032094951404,1
3.4899999536573887,8.074999932199717,55.8549988232553,29.359999127686024,9.159999769181011,12.98999970406294,15.20999991055578,10.064999691210687,5.554999924264848,82.64499831199646,124.34999716281892,99.3199981721118,11.789999790489674,3.0899998992681503,2.9099999144673347,86,24.87657165527344,276.5863337187866,1
0.4799999818205833,1.9499999284744265,42.98499861173332,15.154999777674677,3.079999908804893,25.349999661557376,7.754999768920243,13.574999453499911,8.509999888949096,80.81999841332436,147.48499682545662,100.33999712765215,16.249999698251486,1.8549999492242928,0.7199999922886491,1,4.6761627197265625,7134.199324381118,1
3.4899999536573887,8.074999932199717,55.8549988232553,29.359999127686024,9.159999769181011,12.98999970406294,15.20999991055578,10.064999691210687,5.554999924264848,82.64499831199646,124.34999716281892,99.3199981721118,11.789999790489674,3.0899998992681503,2.9099999144673347,67,5.416295528411865,360.0,1
1.4950000094249845,0.25,70.22999874129891,26.3899998255074,4.939999893307686,18.724999403581023,19.749999311752617,10.789999786764383,6.149999955669045,78.3849988207221,149.22999614477158,84.2349982559681,21.72999945655465,4.334999909624457,0.1899999976158142,0,0.0,0.0,1
0.9450000021606684,3.434999853372574,69.47499806433916,20.19999949913472,3.299999882467091,20.964999715797603,16.414999606087804,10.00499976053834,10.049999583512545,71.14999805390835,143.64999637007713,98.83499819040298,18.24999938905239,2.454999979585409,0.1950000021606683,-5,2.1009087562561035,11452.340372168475,1
0.9450000021606684,3.434999853372574,69.47499806433916,20.19999949913472,3.299999882467091,20.964999715797603,16.414999606087804,10.00499976053834,10.049999583512545,71.14999805390835,143.64999637007713,98.83499819040298,18.24999938905239,2.454999979585409,0.1950000021606683,-4,1.322547197341919,7999.656242614429,1
0.4799999818205833,1.9499999284744265,42.98499861173332,15.154999777674677,3.079999908804893,25.349999661557376,7.754999768920243,13.574999453499911,8.509999888949096,80.81999841332436,147.48499682545662,100.33999712765215,16.249999698251486,1.8549999492242928,0.7199999922886491,0,6.570467472076416,30.0,1
0.464999983087182,0.0,33.609999388456345,25.21499954815954,10.834999799728394,29.979999544098973,5.62499984819442,16.21999946795404,1.3999999687075615,83.7399981468916,158.61499631404877,92.7449980378151,25.97499928623438,1.9949999274685977,5.234999760985375,2,2.9732112884521484,9943.08805150593,1
0.7699999697506428,5.32999986410141,52.12999873235822,34.70999921485782,12.779999762773514,17.179999381303787,27.51999955624342,17.474999494850636,1.2049999833106997,82.36499762535095,139.8949971795082,80.69999772310257,12.789999708533289,3.729999923147261,0.5349999815225601,12,4.19839334487915,9337.280117893004,1
0.9450000021606684,3.434999853372574,69.47499806433916,20.19999949913472,3.299999882467091,20.964999715797603,16.414999606087804,10.00499976053834,10.049999583512545,71.14999805390835,143.64999637007713,98.83499819040298,18.24999938905239,2.454999979585409,0.1950000021606683,-2,3.9622530937194815,8678.300524872366,1
1.454999971203506,0.0,56.624998464249074,19.459999420680106,5.534999786876142,19.259999653324485,8.739999869838357,17.884999565780163,1.7349999565631151,90.14499779045582,149.77499732375145,96.41499831527472,20.48499973211437,0.7349999863654375,2.034999960102141,-1,1.3223670721054075,12585.992213568226,1
0.9450000021606684,3.434999853372574,69.47499806433916,20.19999949913472,3.299999882467091,20.964999715797603,16.414999606087804,10.00499976053834,10.049999583512545,71.14999805390835,143.64999637007713,98.83499819040298,18.24999938905239,2.454999979585409,0.1950000021606683,-2,1.885486364364624,10777.058968011634,1
0.9149999665096402,10.024999774992466,25.40499931573868,54.314999386668205,27.379999242722988,14.724999805912375,29.079999428242445,17.0849996432662,3.9099998865276575,100.60499780625103,110.02499678730965,67.47999823093414,5.699999783188105,9.489999637007712,1.9649999290704727,22,5.278775215148926,26706.16782692717,1
1.4950000094249845,0.25,70.22999874129891,26.3899998255074,4.939999893307686,18.724999403581023,19.749999311752617,10.789999786764383,6.149999955669045,78.3849988207221,149.22999614477158,84.2349982559681,21.72999945655465,4.334999909624457,0.1899999976158142,0,0.0,0.0,1
1.4950000094249845,0.25,70.22999874129891,26.3899998255074,4.939999893307686,18.724999403581023,19.749999311752617,10.789999786764383,6.149999955669045,78.3849988207221,149.22999614477158,84.2349982559681,21.72999945655465,4.334999909624457,0.1899999976158142,0,0.0,0.0,1
1.4450000077486038,5.9949998408555984,58.44499818235636,30.804999326355755,6.424999833106995,18.969999758526683,23.634999439120293,10.67499978095293,2.4599998965859413,69.51499853283167,147.8749977350235,81.4599983394146,18.779999759048223,4.139999814331532,0.8099999744445086,-2,2.9754581451416016,4613.7620224714665,1
1.4450000077486038,5.9949998408555984,58.44499818235636,30.804999326355755,6.424999833106995,18.969999758526683,23.634999439120293,10.67499978095293,2.4599998965859413,69.51499853283167,147.8749977350235,81.4599983394146,18.779999759048223,4.139999814331532,0.8099999744445086,-2,2.8276171684265137,8673.321163199249,1
0.4099999964237213,1.389999970793724,35.58499903231859,46.0699987411499,22.419999677687883,19.284999516792595,24.469999637454748,12.939999676309526,1.66499999538064,89.35499835759401,105.85999783873558,84.45499789714813,7.10499978531152,0.7899999842047691,5.9149998454377055,55,7.974078178405762,123.69316876852982,1
0.0199999995529651,0.0,55.004999292083085,9.01999991759658,4.809999912977219,13.04499952495098,9.524999707005918,13.309999765828252,0.1499999910593032,88.4099983125925,181.5299954414368,96.45999774336816,17.084999630227685,2.604999986477196,0.0,0,0.0,0.0,1
0.8700000010430813,2.83499988168478,28.43499935232103,44.05999930202961,6.8899997593835,20.399999354965985,18.15999935939908,14.83999965712428,1.9699999205768108,67.5449982881546,99.50999799370766,73.61999813653529,17.239999561570585,3.6249998938292265,5.804999891668558,800,0.0,0.0,1
1.4450000077486038,5.9949998408555984,58.44499818235636,30.804999326355755,6.424999833106995,18.969999758526683,23.634999439120293,10.67499978095293,2.4599998965859413,69.51499853283167,147.8749977350235,81.4599983394146,18.779999759048223,4.139999814331532,0.8099999744445086,-3,0.9433115124702454,3394.377704381173,1
1.4450000077486038,5.9949998408555984,58.44499818235636,30.804999326355755,6.424999833106995,18.969999758526683,23.634999439120293,10.67499978095293,2.4599998965859413,69.51499853283167,147.8749977350235,81.4599983394146,18.779999759048223,4.139999814331532,0.8099999744445086,-9,3.358006477355957,3300.8180804158237,1
0.9450000021606684,3.434999853372574,69.47499806433916,20.19999949913472,3.299999882467091,20.964999715797603,16.414999606087804,10.00499976053834,10.049999583512545,71.14999805390835,143.64999637007713,98.83499819040298,18.24999938905239,2.454999979585409,0.1950000021606683,-6,0.9431190490722656,6385.491367154136,1
2.169999949634075,5.159999867901206,29.15499943122268,41.99999884516001,7.6399998646229506,23.264999579638243,18.549999598413702,14.679999761283398,2.0849999859929085,71.26999790966511,128.38999766111374,79.31499820202589,15.059999823570251,4.454999886453152,7.034999901428819,455,3.961376190185547,2455.056007507772,1
0.464999983087182,0.0,33.609999388456345,25.21499954815954,10.834999799728394,29.979999544098973,5.62499984819442,16.21999946795404,1.3999999687075615,83.7399981468916,158.61499631404877,92.7449980378151,25.97499928623438,1.9949999274685977,5.234999760985375,-1,1.884398102760315,8910.0,1
0.9450000021606684,3.434999853372574,69.47499806433916,20.19999949913472,3.299999882467091,20.964999715797603,16.414999606087804,10.00499976053834,10.049999583512545,71.14999805390835,143.64999637007713,98.83499819040298,18.24999938905239,2.454999979585409,0.1950000021606683,-3,0.9274099469184875,7153.41177341274,1
5.444999858736992,4.329999953508377,25.829999282956123,70.9799986872822,29.499999433755875,14.254999565891922,25.63999940827489,13.069999652914705,5.254999836906791,98.53499687463044,94.66499811876564,68.40499864518642,2.9599999245256186,2.6099999621510506,2.760000001639128,24,3.381663084030152,13930.405593520958,1
0.9450000021606684,3.434999853372574,69.47499806433916,20.19999949913472,3.299999882467091,20.964999715797603,16.414999606087804,10.00499976053834,10.049999583512545,71.14999805390835,143.64999637007713,98.83499819040298,18.24999938905239,2.454999979585409,0.1950000021606683,-3,0.943175733089447,2389.476930208785,1
0.9450000021606684,3.434999853372574,69.47499806433916,20.19999949913472,3.299999882467091,20.964999715797603,16.414999606087804,10.00499976053834,10.049999583512545,71.14999805390835,143.64999637007713,98.83499819040298,18.24999938905239,2.454999979585409,0.1950000021606683,-3,2.827323198318481,7868.068377943853,1
1.454999971203506,0.0,56.624998464249074,19.459999420680106,5.534999786876142,19.259999653324485,8.739999869838357,17.884999565780163,1.7349999565631151,90.14499779045582,149.77499732375145,96.41499831527472,20.48499973211437,0.7349999863654375,2.034999960102141,6,8.568869590759277,13215.161747023756,1
1.4450000077486038,5.9949998408555984,58.44499818235636,30.804999326355755,6.424999833106995,18.969999758526683,23.634999439120293,10.67499978095293,2.4599998965859413,69.51499853283167,147.8749977350235,81.4599983394146,18.779999759048223,4.139999814331532,0.8099999744445086,-4,2.7802884578704834,3151.285452002088,1
1.454999971203506,0.0,56.624998464249074,19.459999420680106,5.534999786876142,19.259999653324485,8.739999869838357,17.884999565780163,1.7349999565631151,90.14499779045582,149.77499732375145,96.41499831527472,20.48499973211437,0.7349999863654375,2.034999960102141,-4,1.3223313093185425,10950.657514505694,1
1.454999971203506,0.0,56.624998464249074,19.459999420680106,5.534999786876142,19.259999653324485,8.739999869838357,17.884999565780163,1.7349999565631151,90.14499779045582,149.77499732375145,96.41499831527472,20.48499973211437,0.7349999863654375,2.034999960102141,-3,2.9353280067443848,11403.236382711708,1
2.2999998619779944,4.824999824166298,39.05499912798405,37.61999933421612,26.469999361783263,14.069999636150897,18.8449993096292,16.214999719522893,4.4449998661875725,85.86499777436256,109.76999720931052,86.74499779939651,10.59999979287386,3.694999997504056,2.629999965429306,75,15.878993034362791,67.0820393249937,1
0.8700000010430813,2.83499988168478,28.43499935232103,44.05999930202961,6.8899997593835,20.399999354965985,18.15999935939908,14.83999965712428,1.9699999205768108,67.5449982881546,99.50999799370766,73.61999813653529,17.239999561570585,3.6249998938292265,5.804999891668558,796,7.610644817352295,30.0,1
1.4450000077486038,5.9949998408555984,58.44499818235636,30.804999326355755,6.424999833106995,18.969999758526683,23.634999439120293,10.67499978095293,2.4599998965859413,69.51499853283167,147.8749977350235,81.4599983394146,18.779999759048223,4.139999814331532,0.8099999744445086,-3,3.879814386367798,2373.6048533822977,1
0.1999999918043613,2.229999938979745,60.16499868780375,28.77999936416745,8.374999765306711,18.86499946564436,32.88999926485121,21.244999303482476,1.7299999622628093,74.91999852657318,149.07999622821808,82.01999807357788,20.46999940276146,15.969999508932233,0.0299999983981251,1,3.9635841846466064,9418.471213525048,1
3.4899999536573887,8.074999932199717,55.8549988232553,29.359999127686024,9.159999769181011,12.98999970406294,15.20999991055578,10.064999691210687,5.554999924264848,82.64499831199646,124.34999716281892,99.3199981721118,11.789999790489674,3.0899998992681503,2.9099999144673347,66,0.9274099469184875,466.6904755831213,1
0.1349999904632568,0.0,12.499999706633387,14.664999623782933,6.619999775663018,39.324999143369496,4.794999876059592,15.81999958306551,11.519999934360383,91.62499766051768,170.07999601960182,88.88999731838703,15.039999544620514,3.7199999149888754,2.2649999232962728,5,4.1946563720703125,2932.6438583639847,1
0.1999999918043613,2.229999938979745,60.16499868780375,28.77999936416745,8.374999765306711,18.86499946564436,32.88999926485121,21.244999303482476,1.7299999622628093,74.91999852657318,149.07999622821808,82.01999807357788,20.46999940276146,15.969999508932233,0.0299999983981251,2,10.46798324584961,9035.978087622834,1
1.4950000094249845,0.25,70.22999874129891,26.3899998255074,4.939999893307686,18.724999403581023,19.749999311752617,10.789999786764383,6.149999955669045,78.3849988207221,149.22999614477158,84.2349982559681,21.72999945655465,4.334999909624457,0.1899999976158142,15,7.530389308929443,429.5346318982906,1
2.2999998619779944,4.824999824166298,39.05499912798405,37.61999933421612,26.469999361783263,14.069999636150897,18.8449993096292,16.214999719522893,4.4449998661875725,85.86499777436256,109.76999720931052,86.74499779939651,10.59999979287386,3.694999997504056,2.629999965429306,70,0.0,30.0,1
0.9450000021606684,3.434999853372574,69.47499806433916,20.19999949913472,3.299999882467091,20.964999715797603,16.414999606087804,10.00499976053834,10.049999583512545,71.14999805390835,143.64999637007713,98.83499819040298,18.24999938905239,2.454999979585409,0.1950000021606683,-5,0.0,6474.7200711691,1
0.1999999955296516,0.0,27.579999309033155,20.20999930705875,11.274999603629112,36.50999907031655,6.29999977722764,17.829999540001154,5.544999832287431,86.48999812453985,177.05999505519867,89.6649977536872,14.034999651834369,3.319999974220991,2.969999933615327,0,0.0,30.0,1
0.1999999955296516,0.0,27.579999309033155,20.20999930705875,11.274999603629112,36.50999907031655,6.29999977722764,17.829999540001154,5.544999832287431,86.48999812453985,177.05999505519867,89.6649977536872,14.034999651834369,3.319999974220991,2.969999933615327,0,0.0,0.0,1
0.9450000021606684,3.434999853372574,69.47499806433916,20.19999949913472,3.299999882467091,20.964999715797603,16.414999606087804,10.00499976053834,10.049999583512545,71.14999805390835,143.64999637007713,98.83499819040298,18.24999938905239,2.454999979585409,0.1950000021606683,-1,2.93537712097168,9950.778863988486,1
1.4950000094249845,0.25,70.22999874129891,26.3899998255074,4.939999893307686,18.724999403581023,19.749999311752617,10.789999786764383,6.149999955669045,78.3849988207221,149.22999614477158,84.2349982559681,21.72999945655465,4.334999909624457,0.1899999976158142,0,0.0,0.0,1
2.4599998937919736,1.6299999505281448,48.83499883115292,27.65499935299158,21.894999419339,19.079999521374702,29.53499932959676,14.55499972961843,3.269999846816063,83.30999729037285,114.55499777197838,78.964998036623,10.634999782778324,4.33499982021749,0.5499999858438969,70,16.509138107299805,134.1640786499874,1
0.9450000021606684,3.434999853372574,69.47499806433916,20.19999949913472,3.299999882467091,20.964999715797603,16.414999606087804,10.00499976053834,10.049999583512545,71.14999805390835,143.64999637007713,98.83499819040298,18.24999938905239,2.454999979585409,0.1950000021606683,-2,2.7802884578704834,8353.26283556312,1
3.259999867528677,1.26999993622303,57.47999848797917,22.55999954789877,5.789999885484576,18.71999965701252,9.769999727606772,13.689999744296074,2.334999907761812,82.06999769806862,142.44999599456787,96.0099972859025,18.199999883770943,0.5999999782070518,2.6649999441578984,1,4.194839954376221,8909.595950434565,1
3.4899999536573887,8.074999932199717,55.8549988232553,29.359999127686024,9.159999769181011,12.98999970406294,15.20999991055578,10.064999691210687,5.554999924264848,82.64499831199646,124.34999716281892,99.3199981721118,11.789999790489674,3.0899998992681503,2.9099999144673347,77,9.49933624267578,912.414379544733,1
0.4799999818205833,1.9499999284744265,42.98499861173332,15.154999777674677,3.079999908804893,25.349999661557376,7.754999768920243,13.574999453499911,8.509999888949096,80.81999841332436,147.48499682545662,100.33999712765215,16.249999698251486,1.8549999492242928,0.7199999922886491,1,5.053279876708984,9978.461805308472,1
2.4599998937919736,1.6299999505281448,48.83499883115292,27.65499935299158,21.894999419339,19.079999521374702,29.53499932959676,14.55499972961843,3.269999846816063,83.30999729037285,114.55499777197838,78.964998036623,10.634999782778324,4.33499982021749,0.5499999858438969,73,10.26414394378662,534.1348144429458,1
0.4349999846890569,0.2699999809265136,17.074999710544944,43.87499918788672,12.844999495893717,17.869999554939568,15.424999584443867,12.57499971985817,2.5199999175965786,64.2299984600395,81.95499869808555,61.37999827601016,19.259999610483646,1.114999946206808,3.629999928176403,815,17.961305618286133,30.0,1
0.1349999904632568,0.0,12.499999706633387,14.664999623782933,6.619999775663018,39.324999143369496,4.794999876059592,15.81999958306551,11.519999934360383,91.62499766051768,170.07999601960182,88.88999731838703,15.039999544620514,3.7199999149888754,2.2649999232962728,-1,1.3222085237503052,3186.9264189811474,1
1.4450000077486038,5.9949998408555984,58.44499818235636,30.804999326355755,6.424999833106995,18.969999758526683,23.634999439120293,10.67499978095293,2.4599998965859413,69.51499853283167,147.8749977350235,81.4599983394146,18.779999759048223,4.139999814331532,0.8099999744445086,-2,3.358007431030273,6993.668565209535,1
0.464999983087182,0.0,33.609999388456345,25.21499954815954,10.834999799728394,29.979999544098973,5.62499984819442,16.21999946795404,1.3999999687075615,83.7399981468916,158.61499631404877,92.7449980378151,25.97499928623438,1.9949999274685977,5.234999760985375,-3,5.955025672912598,9226.987590757884,1
1.2099999831989408,1.0599999651312828,29.339999362826347,35.41999903321266,20.929999481886625,18.849999444559216,28.46999967470765,14.269999580457808,1.6849999725818634,89.54499815404415,124.12999773025513,91.05999806523324,10.634999693371356,4.929999887943268,0.7949999701231718,29,3.822433233261109,3443.733439161632,1
0.1999999955296516,0.0,27.579999309033155,20.20999930705875,11.274999603629112,36.50999907031655,6.29999977722764,17.829999540001154,5.544999832287431,86.48999812453985,177.05999505519867,89.6649977536872,14.034999651834369,3.319999974220991,2.969999933615327,15,15.490778923034668,60.0,1
3.4899999536573887,8.074999932199717,55.8549988232553,29.359999127686024,9.159999769181011,12.98999970406294,15.20999991055578,10.064999691210687,5.554999924264848,82.64499831199646,124.34999716281892,99.3199981721118,11.789999790489674,3.0899998992681503,2.9099999144673347,66,0.9274099469184875,30.0,1
1.4450000077486038,5.9949998408555984,58.44499818235636,30.804999326355755,6.424999833106995,18.969999758526683,23.634999439120293,10.67499978095293,2.4599998965859413,69.51499853283167,147.8749977350235,81.4599983394146,18.779999759048223,4.139999814331532,0.8099999744445086,2,5.855640888214111,10652.323690162631,1
1.4450000077486038,5.9949998408555984,58.44499818235636,30.804999326355755,6.424999833106995,18.969999758526683,23.634999439120293,10.67499978095293,2.4599998965859413,69.51499853283167,147.8749977350235,81.4599983394146,18.779999759048223,4.139999814331532,0.8099999744445086,-5,2.7802884578704834,6042.151934534582,1
0.96499998960644,6.125,52.26499863527715,21.36999960057437,5.329999882727861,17.919999529607594,20.334999510087076,12.949999619275331,3.38999992236495,76.89999839663506,146.05999666452408,97.38499760627748,23.024999444372952,0.7849999833852053,0.7099999897181988,-2,0.9431571364402772,11624.719351451027,1
0.7950000092387199,3.189999938011169,56.21999865211546,14.864999748766422,1.6849999874830246,23.04499962646514,12.98999961093068,11.25999952107668,9.249999962747095,82.68999804742634,155.90499687194824,95.3399977684021,21.32999949902296,2.3549999175593257,0.0949999988079071,-8,30.232227325439453,947.2592042308166,1
1.4450000077486038,5.9949998408555984,58.44499818235636,30.804999326355755,6.424999833106995,18.969999758526683,23.634999439120293,10.67499978095293,2.4599998965859413,69.51499853283167,147.8749977350235,81.4599983394146,18.779999759048223,4.139999814331532,0.8099999744445086,-4,2.6439695358276367,1557.6905982896603,1
1.4450000077486038,5.9949998408555984,58.44499818235636,30.804999326355755,6.424999833106995,18.969999758526683,23.634999439120293,10.67499978095293,2.4599998965859413,69.51499853283167,147.8749977350235,81.4599983394146,18.779999759048223,4.139999814331532,0.8099999744445086,17,10.46651554107666,9700.39689909645,1
0.9450000021606684,3.434999853372574,69.47499806433916,20.19999949913472,3.299999882467091,20.964999715797603,16.414999606087804,10.00499976053834,10.049999583512545,71.14999805390835,143.64999637007713,98.83499819040298,18.24999938905239,2.454999979585409,0.1950000021606683,-5,2.975050926208496,8226.402615967687,1
1.454999971203506,0.0,56.624998464249074,19.459999420680106,5.534999786876142,19.259999653324485,8.739999869838357,17.884999565780163,1.7349999565631151,90.14499779045582,149.77499732375145,96.41499831527472,20.48499973211437,0.7349999863654375,2.034999960102141,-5,2.10068154335022,14023.227160678814,1
0.7699999697506428,5.32999986410141,52.12999873235822,34.70999921485782,12.779999762773514,17.179999381303787,27.51999955624342,17.474999494850636,1.2049999833106997,82.36499762535095,139.8949971795082,80.69999772310257,12.789999708533289,3.729999923147261,0.5349999815225601,13,3.8816184997558594,18062.715742656197,1
1.4450000077486038,5.9949998408555984,58.44499818235636,30.804999326355755,6.424999833106995,18.969999758526683,23.634999439120293,10.67499978095293,2.4599998965859413,69.51499853283167,147.8749977350235,81.4599983394146,18.779999759048223,4.139999814331532,0.8099999744445086,3,5.934847831726074,5982.725131576746,1
0.9450000021606684,3.434999853372574,69.47499806433916,20.19999949913472,3.299999882467091,20.964999715797603,16.414999606087804,10.00499976053834,10.049999583512545,71.14999805390835,143.64999637007713,98.83499819040298,18.24999938905239,2.454999979585409,0.1950000021606683,-6,0.0,8690.943562122584,1
0.7699999697506428,5.32999986410141,52.12999873235822,34.70999921485782,12.779999762773514,17.179999381303787,27.51999955624342,17.474999494850636,1.2049999833106997,82.36499762535095,139.8949971795082,80.69999772310257,12.789999708533289,3.729999923147261,0.5349999815225601,0,2.6443495750427246,9002.499652874196,1
3.4899999536573887,8.074999932199717,55.8549988232553,29.359999127686024,9.159999769181011,12.98999970406294,15.20999991055578,10.064999691210687,5.554999924264848,82.64499831199646,124.34999716281892,99.3199981721118,11.789999790489674,3.0899998992681503,2.9099999144673347,66,0.0,30.0,1
1.4450000077486038,5.9949998408555984,58.44499818235636,30.804999326355755,6.424999833106995,18.969999758526683,23.634999439120293,10.67499978095293,2.4599998965859413,69.51499853283167,147.8749977350235,81.4599983394146,18.779999759048223,4.139999814331532,0.8099999744445086,-3,1.3226574659347534,2040.2205763103163,1
1.454999971203506,0.0,56.624998464249074,19.459999420680106,5.534999786876142,19.259999653324485,8.739999869838357,17.884999565780163,1.7349999565631151,90.14499779045582,149.77499732375145,96.41499831527472,20.48499973211437,0.7349999863654375,2.034999960102141,1,4.99346399307251,9663.772555270536,1
1.4450000077486038,5.9949998408555984,58.44499818235636,30.804999326355755,6.424999833106995,18.969999758526683,23.634999439120293,10.67499978095293,2.4599998965859413,69.51499853283167,147.8749977350235,81.4599983394146,18.779999759048223,4.139999814331532,0.8099999744445086,-4,1.322737455368042,6672.218521601342,1
0.0399999981746077,2.549999885261059,60.69999842252582,21.17499954253435,12.684999618679283,18.11499986052513,17.82999956700951,13.709999677725136,1.429999940097332,83.91999806463718,181.5199962258339,75.51999843120575,15.639999806880953,4.164999838918448,0.0,3,3.358423948287964,1261.4277624977185,1
0.1999999955296516,0.0,27.579999309033155,20.20999930705875,11.274999603629112,36.50999907031655,6.29999977722764,17.829999540001154,5.544999832287431,86.48999812453985,177.05999505519867,89.6649977536872,14.034999651834369,3.319999974220991,2.969999933615327,-2,3.822139024734497,496.5883607174055,1
0.96499998960644,6.125,52.26499863527715,21.36999960057437,5.329999882727861,17.919999529607594,20.334999510087076,12.949999619275331,3.38999992236495,76.89999839663506,146.05999666452408,97.38499760627748,23.024999444372952,0.7849999833852053,0.7099999897181988,2,9.739410400390623,11151.36762912962,1
0.1349999904632568,0.0,12.499999706633387,14.664999623782933,6.619999775663018,39.324999143369496,4.794999876059592,15.81999958306551,11.519999934360383,91.62499766051768,170.07999601960182,88.88999731838703,15.039999544620514,3.7199999149888754,2.2649999232962728,-3,0.9274099469184875,1830.9833423600555,1
1.4450000077486038,5.9949998408555984,58.44499818235636,30.804999326355755,6.424999833106995,18.969999758526683,23.634999439120293,10.67499978095293,2.4599998965859413,69.51499853283167,147.8749977350235,81.4599983394146,18.779999759048223,4.139999814331532,0.8099999744445086,-2,2.7802884578704834,1776.0912138738822,1
2.4599998937919736,1.6299999505281448,48.83499883115292,27.65499935299158,21.894999419339,19.079999521374702,29.53499932959676,14.55499972961843,3.269999846816063,83.30999729037285,114.55499777197838,78.964998036623,10.634999782778324,4.33499982021749,0.5499999858438969,70,22.38511085510254,150.0,1
0.1999999918043613,2.229999938979745,60.16499868780375,28.77999936416745,8.374999765306711,18.86499946564436,32.88999926485121,21.244999303482476,1.7299999622628093,74.91999852657318,149.07999622821808,82.01999807357788,20.46999940276146,15.969999508932233,0.0299999983981251,-1,2.829121828079224,8790.81907446627,1
2.4599998937919736,1.6299999505281448,48.83499883115292,27.65499935299158,21.894999419339,19.079999521374702,29.53499932959676,14.55499972961843,3.269999846816063,83.30999729037285,114.55499777197838,78.964998036623,10.634999782778324,4.33499982021749,0.5499999858438969,81,19.74699592590332,60.0,1
0.1999999955296516,0.0,27.579999309033155,20.20999930705875,11.274999603629112,36.50999907031655,6.29999977722764,17.829999540001154,5.544999832287431,86.48999812453985,177.05999505519867,89.6649977536872,14.034999651834369,3.319999974220991,2.969999933615327,1,3.704791784286499,607.4537019394976,1
0.1999999955296516,0.0,27.579999309033155,20.20999930705875,11.274999603629112,36.50999907031655,6.29999977722764,17.829999540001154,5.544999832287431,86.48999812453985,177.05999505519867,89.6649977536872,14.034999651834369,3.319999974220991,2.969999933615327,0,0.0,0.0,1
0.9450000021606684,3.434999853372574,69.47499806433916,20.19999949913472,3.299999882467091,20.964999715797603,16.414999606087804,10.00499976053834,10.049999583512545,71.14999805390835,143.64999637007713,98.83499819040298,18.24999938905239,2.454999979585409,0.1950000021606683,-4,1.3225862979888916,7085.146434619401,1
3.4899999536573887,8.074999932199717,55.8549988232553,29.359999127686024,9.159999769181011,12.98999970406294,15.20999991055578,10.064999691210687,5.554999924264848,82.64499831199646,124.34999716281892,99.3199981721118,11.789999790489674,3.0899998992681503,2.9099999144673347,66,0.0,0.0,1
0.464999983087182,0.0,33.609999388456345,25.21499954815954,10.834999799728394,29.979999544098973,5.62499984819442,16.21999946795404,1.3999999687075615,83.7399981468916,158.61499631404877,92.7449980378151,25.97499928623438,1.9949999274685977,5.234999760985375,-1,10.520195960998535,7352.20375125717,1
1.4450000077486038,5.9949998408555984,58.44499818235636,30.804999326355755,6.424999833106995,18.969999758526683,23.634999439120293,10.67499978095293,2.4599998965859413,69.51499853283167,147.8749977350235,81.4599983394146,18.779999759048223,4.139999814331532,0.8099999744445086,-2,2.080169916152954,5484.997721056956,1
0.0299999993294477,1.2049999609589577,22.744999633170664,63.89499869942665,12.5549997119233,25.864999658428133,8.749999836087227,12.089999655261636,6.384999858215451,52.95499884337187,86.17499855160713,57.76499862223864,19.014999483712018,4.244999890215695,3.224999883212149,834,55.51365280151367,1884.0382161729096,1
0.1349999904632568,0.0,12.499999706633387,14.664999623782933,6.619999775663018,39.324999143369496,4.794999876059592,15.81999958306551,11.519999934360383,91.62499766051768,170.07999601960182,88.88999731838703,15.039999544620514,3.7199999149888754,2.2649999232962728,0,0.9424753785133362,30.0,1
0.96499998960644,6.125,52.26499863527715,21.36999960057437,5.329999882727861,17.919999529607594,20.334999510087076,12.949999619275331,3.38999992236495,76.89999839663506,146.05999666452408,97.38499760627748,23.024999444372952,0.7849999833852053,0.7099999897181988,-2,3.822307348251343,12479.783651970896,1
2.7699998561292887,5.034999876283109,36.27999928593636,41.85499883629382,18.5799994841218,18.73499954212457,35.92999917268753,19.49999949336052,2.7399999126791954,86.74499855935574,131.47499710321426,80.69499787688255,12.1949996445328,23.019999233074486,0.609999974258244,3,8.574068069458008,10620.169490172932,1
1.4450000077486038,5.9949998408555984,58.44499818235636,30.804999326355755,6.424999833106995,18.969999758526683,23.634999439120293,10.67499978095293,2.4599998965859413,69.51499853283167,147.8749977350235,81.4599983394146,18.779999759048223,4.139999814331532,0.8099999744445086,1,0.0,240.0,1
0.9450000021606684,3.434999853372574,69.47499806433916,20.19999949913472,3.299999882467091,20.964999715797603,16.414999606087804,10.00499976053834,10.049999583512545,71.14999805390835,143.64999637007713,98.83499819040298,18.24999938905239,2.454999979585409,0.1950000021606683,-5,2.101187229156494,9917.66605608396,1
1.4450000077486038,5.9949998408555984,58.44499818235636,30.804999326355755,6.424999833106995,18.969999758526683,23.634999439120293,10.67499978095293,2.4599998965859413,69.51499853283167,147.8749977350235,81.4599983394146,18.779999759048223,4.139999814331532,0.8099999744445086,-1,2.644026517868042,3578.4354122996265,1
1.454999971203506,0.0,56.624998464249074,19.459999420680106,5.534999786876142,19.259999653324485,8.739999869838357,17.884999565780163,1.7349999565631151,90.14499779045582,149.77499732375145,96.41499831527472,20.48499973211437,0.7349999863654375,2.034999960102141,-2,5.977180004119873,10872.465221834467,1
0.7699999697506428,5.32999986410141,52.12999873235822,34.70999921485782,12.779999762773514,17.179999381303787,27.51999955624342,17.474999494850636,1.2049999833106997,82.36499762535095,139.8949971795082,80.69999772310257,12.789999708533289,3.729999923147261,0.5349999815225601,10,2.7802884578704834,19331.27000483931,1
0.9450000021606684,3.434999853372574,69.47499806433916,20.19999949913472,3.299999882467091,20.964999715797603,16.414999606087804,10.00499976053834,10.049999583512545,71.14999805390835,143.64999637007713,98.83499819040298,18.24999938905239,2.454999979585409,0.1950000021606683,-4,1.8858050107955933,5058.537338005918,1
0.9450000021606684,3.434999853372574,69.47499806433916,20.19999949913472,3.299999882467091,20.964999715797603,16.414999606087804,10.00499976053834,10.049999583512545,71.14999805390835,143.64999637007713,98.83499819040298,18.24999938905239,2.454999979585409,0.1950000021606683,-4,2.100881814956665,8465.849041885876,1
0.8700000010430813,2.83499988168478,28.43499935232103,44.05999930202961,6.8899997593835,20.399999354965985,18.15999935939908,14.83999965712428,1.9699999205768108,67.5449982881546,99.50999799370766,73.61999813653529,17.239999561570585,3.6249998938292265,5.804999891668558,800,0.0,0.0,1
1.4950000094249845,0.25,70.22999874129891,26.3899998255074,4.939999893307686,18.724999403581023,19.749999311752617,10.789999786764383,6.149999955669045,78.3849988207221,149.22999614477158,84.2349982559681,21.72999945655465,4.334999909624457,0.1899999976158142,0,0.0,0.0,1
1.4450000077486038,5.9949998408555984,58.44499818235636,30.804999326355755,6.424999833106995,18.969999758526683,23.634999439120293,10.67499978095293,2.4599998965859413,69.51499853283167,147.8749977350235,81.4599983394146,18.779999759048223,4.139999814331532,0.8099999744445086,-2,2.8276984691619877,1506.5855435387664,1
0.96499998960644,6.125,52.26499863527715,21.36999960057437,5.329999882727861,17.919999529607594,20.334999510087076,12.949999619275331,3.38999992236495,76.89999839663506,146.05999666452408,97.38499760627748,23.024999444372952,0.7849999833852053,0.7099999897181988,-1,1.885518312454224,12670.978652022108,1
0.464999983087182,0.0,33.609999388456345,25.21499954815954,10.834999799728394,29.979999544098973,5.62499984819442,16.21999946795404,1.3999999687075615,83.7399981468916,158.61499631404877,92.7449980378151,25.97499928623438,1.9949999274685977,5.234999760985375,3,1.854334115982056,6489.992295835181,1
0.4799999818205833,1.9499999284744265,42.98499861173332,15.154999777674677,3.079999908804893,25.349999661557376,7.754999768920243,13.574999453499911,8.509999888949096,80.81999841332436,147.48499682545662,100.33999712765215,16.249999698251486,1.8549999492242928,0.7199999922886491,-3,0.0,9763.28325923201,1
0.8700000010430813,2.83499988168478,28.43499935232103,44.05999930202961,6.8899997593835,20.399999354965985,18.15999935939908,14.83999965712428,1.9699999205768108,67.5449982881546,99.50999799370766,73.61999813653529,17.239999561570585,3.6249998938292265,5.804999891668558,800,0.0,0.0,1
1.4450000077486038,5.9949998408555984,58.44499818235636,30.804999326355755,6.424999833106995,18.969999758526683,23.634999439120293,10.67499978095293,2.4599998965859413,69.51499853283167,147.8749977350235,81.4599983394146,18.779999759048223,4.139999814331532,0.8099999744445086,-5,4.65592098236084,4036.0872141221134,1
0.1999999918043613,2.229999938979745,60.16499868780375,28.77999936416745,8.374999765306711,18.86499946564436,32.88999926485121,21.244999303482476,1.7299999622628093,74.91999852657318,149.07999622821808,82.01999807357788,20.46999940276146,15.969999508932233,0.0299999983981251,0,3.7697715759277344,9331.205709874796,1
0.9450000021606684,3.434999853372574,69.47499806433916,20.19999949913472,3.299999882467091,20.964999715797603,16.414999606087804,10.00499976053834,10.049999583512545,71.14999805390835,143.64999637007713,98.83499819040298,18.24999938905239,2.454999979585409,0.1950000021606683,-4,0.9274099469184875,4751.189324790163,1
1.4950000094249845,0.25,70.22999874129891,26.3899998255074,4.939999893307686,18.724999403581023,19.749999311752617,10.789999786764383,6.149999955669045,78.3849988207221,149.22999614477158,84.2349982559681,21.72999945655465,4.334999909624457,0.1899999976158142,0,0.0,0.0,1
0.9450000021606684,3.434999853372574,69.47499806433916,20.19999949913472,3.299999882467091,20.964999715797603,16.414999606087804,10.00499976053834,10.049999583512545,71.14999805390835,143.64999637007713,98.83499819040298,18.24999938905239,2.454999979585409,0.1950000021606683,-2,4.627367496490479,11929.97066216007,1
3.5999999046325684,14.549999453127384,36.924999402835965,33.90499905869365,9.599999714642763,20.259999781847,16.23999953828752,11.704999715089798,5.144999816082418,72.61499796807766,111.5549976825714,87.08999818563461,12.86999961733818,8.824999764561653,6.29499988257885,73,22.82024574279785,488.3646178829912,1
0.9450000021606684,3.434999853372574,69.47499806433916,20.19999949913472,3.299999882467091,20.964999715797603,16.414999606087804,10.00499976053834,10.049999583512545,71.14999805390835,143.64999637007713,98.83499819040298,18.24999938905239,2.454999979585409,0.1950000021606683,-3,5.978115081787109,10221.55076297134,1
0.1999999955296516,0.0,27.579999309033155,20.20999930705875,11.274999603629112,36.50999907031655,6.29999977722764,17.829999540001154,5.544999832287431,86.48999812453985,177.05999505519867,89.6649977536872,14.034999651834369,3.319999974220991,2.969999933615327,6,7.883757591247559,30.0,1
0.9450000021606684,3.434999853372574,69.47499806433916,20.19999949913472,3.299999882467091,20.964999715797603,16.414999606087804,10.00499976053834,10.049999583512545,71.14999805390835,143.64999637007713,98.83499819040298,18.24999938905239,2.454999979585409,0.1950000021606683,-4,4.15477180480957,8268.960031346141,1
0.8700000010430813,2.83499988168478,28.43499935232103,44.05999930202961,6.8899997593835,20.399999354965985,18.15999935939908,14.83999965712428,1.9699999205768108,67.5449982881546,99.50999799370766,73.61999813653529,17.239999561570585,3.6249998938292265,5.804999891668558,800,5.275026798248291,30.0,1
1.454999971203506,0.0,56.624998464249074,19.459999420680106,5.534999786876142,19.259999653324485,8.739999869838357,17.884999565780163,1.7349999565631151,90.14499779045582,149.77499732375145,96.41499831527472,20.48499973211437,0.7349999863654375,2.034999960102141,0,0.0,15375.490236086784,1
0.7950000092387199,3.189999938011169,56.21999865211546,14.864999748766422,1.6849999874830246,23.04499962646514,12.98999961093068,11.25999952107668,9.249999962747095,82.68999804742634,155.90499687194824,95.3399977684021,21.32999949902296,2.3549999175593257,0.0949999988079071,7,12.024346351623535,636.3961030678928,1
0.1999999918043613,2.229999938979745,60.16499868780375,28.77999936416745,8.374999765306711,18.86499946564436,32.88999926485121,21.244999303482476,1.7299999622628093,74.91999852657318,149.07999622821808,82.01999807357788,20.46999940276146,15.969999508932233,0.0299999983981251,-1,0.9274099469184875,7409.453421137082,1
1.4450000077486038,5.9949998408555984,58.44499818235636,30.804999326355755,6.424999833106995,18.969999758526683,23.634999439120293,10.67499978095293,2.4599998965859413,69.51499853283167,147.8749977350235,81.4599983394146,18.779999759048223,4.139999814331532,0.8099999744445086,-4,2.0801548957824707,1950.0,1
1.4450000077486038,5.9949998408555984,58.44499818235636,30.804999326355755,6.424999833106995,18.969999758526683,23.634999439120293,10.67499978095293,2.4599998965859413,69.51499853283167,147.8749977350235,81.4599983394146,18.779999759048223,4.139999814331532,0.8099999744445086,5,6.21886682510376,11581.903988550415,1
1.4450000077486038,5.9949998408555984,58.44499818235636,30.804999326355755,6.424999833106995,18.969999758526683,23.634999439120293,10.67499978095293,2.4599998965859413,69.51499853283167,147.8749977350235,81.4599983394146,18.779999759048223,4.139999814331532,0.8099999744445086,0,1.854334115982056,9030.448493845695,1
1.4450000077486038,5.9949998408555984,58.44499818235636,30.804999326355755,6.424999833106995,18.969999758526683,23.634999439120293,10.67499978095293,2.4599998965859413,69.51499853283167,147.8749977350235,81.4599983394146,18.779999759048223,4.139999814331532,0.8099999744445086,-6,5.716434001922607,1252.8367810692662,1
1.454999971203506,0.0,56.624998464249074,19.459999420680106,5.534999786876142,19.259999653324485,8.739999869838357,17.884999565780163,1.7349999565631151,90.14499779045582,149.77499732375145,96.41499831527472,20.48499973211437,0.7349999863654375,2.034999960102141,1,2.7802884578704834,11721.51867293654,1
1.454999971203506,0.0,56.624998464249074,19.459999420680106,5.534999786876142,19.259999653324485,8.739999869838357,17.884999565780163,1.7349999565631151,90.14499779045582,149.77499732375145,96.41499831527472,20.48499973211437,0.7349999863654375,2.034999960102141,-3,2.7802884578704834,11700.961498953837,1
0.4099999964237213,1.389999970793724,35.58499903231859,46.0699987411499,22.419999677687883,19.284999516792595,24.469999637454748,12.939999676309526,1.66499999538064,89.35499835759401,105.85999783873558,84.45499789714813,7.10499978531152,0.7899999842047691,5.9149998454377055,51,9.296466827392578,84.8528137423857,1
0.4799999818205833,1.9499999284744265,42.98499861173332,15.154999777674677,3.079999908804893,25.349999661557376,7.754999768920243,13.574999453499911,8.509999888949096,80.81999841332436,147.48499682545662,100.33999712765215,16.249999698251486,1.8549999492242928,0.7199999922886491,8,2.9353461265563965,6159.0664877073705,1
1.4450000077486038,5.9949998408555984,58.44499818235636,30.804999326355755,6.424999833106995,18.969999758526683,23.634999439120293,10.67499978095293,2.4599998965859413,69.51499853283167,147.8749977350235,81.4599983394146,18.779999759048223,4.139999814331532,0.8099999744445086,-3,0.0,3842.460149435515,1
0.8700000010430813,2.83499988168478,28.43499935232103,44.05999930202961,6.8899997593835,20.399999354965985,18.15999935939908,14.83999965712428,1.9699999205768108,67.5449982881546,99.50999799370766,73.61999813653529,17.239999561570585,3.6249998938292265,5.804999891668558,800,0.0,0.0,1
1.4450000077486038,5.9949998408555984,58.44499818235636,30.804999326355755,6.424999833106995,18.969999758526683,23.634999439120293,10.67499978095293,2.4599998965859413,69.51499853283167,147.8749977350235,81.4599983394146,18.779999759048223,4.139999814331532,0.8099999744445086,1,2.0802481174468994,8237.718130647589,1
2.169999949634075,5.159999867901206,29.15499943122268,41.99999884516001,7.6399998646229506,23.264999579638243,18.549999598413702,14.679999761283398,2.0849999859929085,71.26999790966511,128.38999766111374,79.31499820202589,15.059999823570251,4.454999886453152,7.034999901428819,453,9.981363296508787,1776.8511473953015,1
0.9450000021606684,3.434999853372574,69.47499806433916,20.19999949913472,3.299999882467091,20.964999715797603,16.414999606087804,10.00499976053834,10.049999583512545,71.14999805390835,143.64999637007713,98.83499819040298,18.24999938905239,2.454999979585409,0.1950000021606683,-3,2.101034164428711,8163.197902782952,1
0.464999983087182,0.0,33.609999388456345,25.21499954815954,10.834999799728394,29.979999544098973,5.62499984819442,16.21999946795404,1.3999999687075615,83.7399981468916,158.61499631404877,92.7449980378151,25.97499928623438,1.9949999274685977,5.234999760985375,10,12.82324504852295,6018.945090296139,1
0.9450000021606684,3.434999853372574,69.47499806433916,20.19999949913472,3.299999882467091,20.964999715797603,16.414999606087804,10.00499976053834,10.049999583512545,71.14999805390835,143.64999637007713,98.83499819040298,18.24999938905239,2.454999979585409,0.1950000021606683,-3,1.3225839138031006,5072.129730202097,1
3.4899999536573887,8.074999932199717,55.8549988232553,29.359999127686024,9.159999769181011,12.98999970406294,15.20999991055578,10.064999691210687,5.554999924264848,82.64499831199646,124.34999716281892,99.3199981721118,11.789999790489674,3.0899998992681503,2.9099999144673347,66,0.0,0.0,1
1.454999971203506,0.0,56.624998464249074,19.459999420680106,5.534999786876142,19.259999653324485,8.739999869838357,17.884999565780163,1.7349999565631151,90.14499779045582,149.77499732375145,96.41499831527472,20.48499973211437,0.7349999863654375,2.034999960102141,-5,1.3223545551300049,11901.26883991787,1
9.434999763965608,17.099999519996345,31.82999912276864,45.86499884724617,23.67999954707921,16.904999654740095,24.45999947655946,19.80999942868948,2.149999968707561,88.70999884605408,115.59499633312224,76.55499786138535,12.619999647140505,10.449999786913397,1.0499999606981874,19,4.155466556549072,25130.350176629054,1
1.354999952018261,2.934999890625477,52.55999870970845,21.6599995540455,6.1349998051300645,14.814999550580978,23.92999942228198,15.724999763071535,3.354999929666519,91.64999756217004,135.54999741911888,88.08999839425087,18.80499968212098,2.749999903142452,0.9299999829381704,4,2.935349941253662,15402.509535786694,1
0.9450000021606684,3.434999853372574,69.47499806433916,20.19999949913472,3.299999882467091,20.964999715797603,16.414999606087804,10.00499976053834,10.049999583512545,71.14999805390835,143.64999637007713,98.83499819040298,18.24999938905239,2.454999979585409,0.1950000021606683,-1,2.0800507068634038,5854.536702421466,1
1.4450000077486038,5.9949998408555984,58.44499818235636,30.804999326355755,6.424999833106995,18.969999758526683,23.634999439120293,10.67499978095293,2.4599998965859413,69.51499853283167,147.8749977350235,81.4599983394146,18.779999759048223,4.139999814331532,0.8099999744445086,-2,1.886106848716736,3478.9653634378137,1
3.4899999536573887,8.074999932199717,55.8549988232553,29.359999127686024,9.159999769181011,12.98999970406294,15.20999991055578,10.064999691210687,5.554999924264848,82.64499831199646,124.34999716281892,99.3199981721118,11.789999790489674,3.0899998992681503,2.9099999144673347,66,0.0,0.0,1
3.5999999046325684,14.549999453127384,36.924999402835965,33.90499905869365,9.599999714642763,20.259999781847,16.23999953828752,11.704999715089798,5.144999816082418,72.61499796807766,111.5549976825714,87.08999818563461,12.86999961733818,8.824999764561653,6.29499988257885,199,21.571718215942383,1612.7616066858736,1
0.1999999955296516,0.0,27.579999309033155,20.20999930705875,11.274999603629112,36.50999907031655,6.29999977722764,17.829999540001154,5.544999832287431,86.48999812453985,177.05999505519867,89.6649977536872,14.034999651834369,3.319999974220991,2.969999933615327,0,0.9274099469184875,42.42640687119285,1
1.4450000077486038,5.9949998408555984,58.44499818235636,30.804999326355755,6.424999833106995,18.969999758526683,23.634999439120293,10.67499978095293,2.4599998965859413,69.51499853283167,147.8749977350235,81.4599983394146,18.779999759048223,4.139999814331532,0.8099999744445086,-3,0.9274099469184875,2321.6588896735025,1
1.454999971203506,0.0,56.624998464249074,19.459999420680106,5.534999786876142,19.259999653324485,8.739999869838357,17.884999565780163,1.7349999565631151,90.14499779045582,149.77499732375145,96.41499831527472,20.48499973211437,0.7349999863654375,2.034999960102141,-8,5.9561262130737305,11786.029865904802,1
0.96499998960644,6.125,52.26499863527715,21.36999960057437,5.329999882727861,17.919999529607594,20.334999510087076,12.949999619275331,3.38999992236495,76.89999839663506,146.05999666452408,97.38499760627748,23.024999444372952,0.7849999833852053,0.7099999897181988,2,9.39039707183838,16636.156407055085,1
1.4450000077486038,5.9949998408555984,58.44499818235636,30.804999326355755,6.424999833106995,18.969999758526683,23.634999439120293,10.67499978095293,2.4599998965859413,69.51499853283167,147.8749977350235,81.4599983394146,18.779999759048223,4.139999814331532,0.8099999744445086,2,7.04692268371582,7921.647555906537,1
1.454999971203506,0.0,56.624998464249074,19.459999420680106,5.534999786876142,19.259999653324485,8.739999869838357,17.884999565780163,1.7349999565631151,90.14499779045582,149.77499732375145,96.41499831527472,20.48499973211437,0.7349999863654375,2.034999960102141,-4,0.0,13975.782625670736,1
1.4450000077486038,5.9949998408555984,58.44499818235636,30.804999326355755,6.424999833106995,18.969999758526683,23.634999439120293,10.67499978095293,2.4599998965859413,69.51499853283167,147.8749977350235,81.4599983394146,18.779999759048223,4.139999814331532,0.8099999744445086,3,1.854334115982056,10687.834205300904,1
0.9450000021606684,3.434999853372574,69.47499806433916,20.19999949913472,3.299999882467091,20.964999715797603,16.414999606087804,10.00499976053834,10.049999583512545,71.14999805390835,143.64999637007713,98.83499819040298,18.24999938905239,2.454999979585409,0.1950000021606683,-2,2.101149320602417,3978.3664989540616,1
0.4349999846890569,0.2699999809265136,17.074999710544944,43.87499918788672,12.844999495893717,17.869999554939568,15.424999584443867,12.57499971985817,2.5199999175965786,64.2299984600395,81.95499869808555,61.37999827601016,19.259999610483646,1.114999946206808,3.629999928176403,800,0.0,0.0,1
0.9450000021606684,3.434999853372574,69.47499806433916,20.19999949913472,3.299999882467091,20.964999715797603,16.414999606087804,10.00499976053834,10.049999583512545,71.14999805390835,143.64999637007713,98.83499819040298,18.24999938905239,2.454999979585409,0.1950000021606683,-6,1.3225947618484497,7352.387367379387,1
0.9450000021606684,3.434999853372574,69.47499806433916,20.19999949913472,3.299999882467091,20.964999715797603,16.414999606087804,10.00499976053834,10.049999583512545,71.14999805390835,143.64999637007713,98.83499819040298,18.24999938905239,2.454999979585409,0.1950000021606683,-1,5.714996814727783,8790.81907446627,1
0.9450000021606684,3.434999853372574,69.47499806433916,20.19999949913472,3.299999882467091,20.964999715797603,16.414999606087804,10.00499976053834,10.049999583512545,71.14999805390835,143.64999637007713,98.83499819040298,18.24999938905239,2.454999979585409,0.1950000021606683,-4,3.357773303985596,6151.828996322964,1
1.4950000094249845,0.25,70.22999874129891,26.3899998255074,4.939999893307686,18.724999403581023,19.749999311752617,10.789999786764383,6.149999955669045,78.3849988207221,149.22999614477158,84.2349982559681,21.72999945655465,4.334999909624457,0.1899999976158142,0,1.886098265647888,0.0,1
1.4450000077486038,5.9949998408555984,58.44499818235636,30.804999326355755,6.424999833106995,18.969999758526683,23.634999439120293,10.67499978095293,2.4599998965859413,69.51499853283167,147.8749977350235,81.4599983394146,18.779999759048223,4.139999814331532,0.8099999744445086,-2,0.0,10691.664977916207,1
1.4450000077486038,5.9949998408555984,58.44499818235636,30.804999326355755,6.424999833106995,18.969999758526683,23.634999439120293,10.67499978095293,2.4599998965859413,69.51499853283167,147.8749977350235,81.4599983394146,18.779999759048223,4.139999814331532,0.8099999744445086,0,0.9434504508972168,9540.660354503769,1
0.2249999865889549,0.0,17.98999958205968,23.914999298751358,6.8849997306242585,38.02499923110008,11.3899997593835,20.06499972194433,5.909999820403755,94.20499850064516,156.43499660491943,80.55999843776226,17.019999586045742,5.66999981738627,3.169999998994172,6,3.960395812988281,161.55494421403512,1
0.1349999904632568,0.0,12.499999706633387,14.664999623782933,6.619999775663018,39.324999143369496,4.794999876059592,15.81999958306551,11.519999934360383,91.62499766051768,170.07999601960182,88.88999731838703,15.039999544620514,3.7199999149888754,2.2649999232962728,0,7.883910179138184,150.0,1
0.1999999955296516,0.0,27.579999309033155,20.20999930705875,11.274999603629112,36.50999907031655,6.29999977722764,17.829999540001154,5.544999832287431,86.48999812453985,177.05999505519867,89.6649977536872,14.034999651834369,3.319999974220991,2.969999933615327,-2,3.876776218414306,1218.2364302548172,1
0.9149999665096402,10.024999774992466,25.40499931573868,54.314999386668205,27.379999242722988,14.724999805912375,29.079999428242445,17.0849996432662,3.9099998865276575,100.60499780625103,110.02499678730965,67.47999823093414,5.699999783188105,9.489999637007712,1.9649999290704727,36,6.532256126403809,25711.662723363497,1
0.96499998960644,6.125,52.26499863527715,21.36999960057437,5.329999882727861,17.919999529607594,20.334999510087076,12.949999619275331,3.38999992236495,76.89999839663506,146.05999666452408,97.38499760627748,23.024999444372952,0.7849999833852053,0.7099999897181988,-4,2.8268790245056152,12941.166871654195,1
0.9450000021606684,3.434999853372574,69.47499806433916,20.19999949913472,3.299999882467091,20.964999715797603,16.414999606087804,10.00499976053834,10.049999583512545,71.14999805390835,143.64999637007713,98.83499819040298,18.24999938905239,2.454999979585409,0.1950000021606683,-1,0.0,9444.474575115337,1
0.9450000021606684,3.434999853372574,69.47499806433916,20.19999949913472,3.299999882467091,20.964999715797603,16.414999606087804,10.00499976053834,10.049999583512545,71.14999805390835,143.64999637007713,98.83499819040298,18.24999938905239,2.454999979585409,0.1950000021606683,-4,2.101067543029785,5400.16666409473,1
0.464999983087182,0.0,33.609999388456345,25.21499954815954,10.834999799728394,29.979999544098973,5.62499984819442,16.21999946795404,1.3999999687075615,83.7399981468916,158.61499631404877,92.7449980378151,25.97499928623438,1.9949999274685977,5.234999760985375,6,5.626038551330566,9168.031413558749,1
0.96499998960644,6.125,52.26499863527715,21.36999960057437,5.329999882727861,17.919999529607594,20.334999510087076,12.949999619275331,3.38999992236495,76.89999839663506,146.05999666452408,97.38499760627748,23.024999444372952,0.7849999833852053,0.7099999897181988,8,2.101214408874512,11258.436836435154,1
1.454999971203506,0.0,56.624998464249074,19.459999420680106,5.534999786876142,19.259999653324485,8.739999869838357,17.884999565780163,1.7349999565631151,90.14499779045582,149.77499732375145,96.41499831527472,20.48499973211437,0.7349999863654375,2.034999960102141,-1,1.3223819732666016,13592.119040090842,1
0.9450000021606684,3.434999853372574,69.47499806433916,20.19999949913472,3.299999882467091,20.964999715797603,16.414999606087804,10.00499976053834,10.049999583512545,71.14999805390835,143.64999637007713,98.83499819040298,18.24999938905239,2.454999979585409,0.1950000021606683,-5,0.9274099469184875,8456.595059478726,1
1.4450000077486038,5.9949998408555984,58.44499818235636,30.804999326355755,6.424999833106995,18.969999758526683,23.634999439120293,10.67499978095293,2.4599998965859413,69.51499853283167,147.8749977350235,81.4599983394146,18.779999759048223,4.139999814331532,0.8099999744445086,-2,1.3228230476379397,9311.025722228458,1
0.96499998960644,6.125,52.26499863527715,21.36999960057437,5.329999882727861,17.919999529607594,20.334999510087076,12.949999619275331,3.38999992236495,76.89999839663506,146.05999666452408,97.38499760627748,23.024999444372952,0.7849999833852053,0.7099999897181988,-5,8.426016807556152,17876.073394344745,1
0.1999999955296516,0.0,27.579999309033155,20.20999930705875,11.274999603629112,36.50999907031655,6.29999977722764,17.829999540001154,5.544999832287431,86.48999812453985,177.05999505519867,89.6649977536872,14.034999651834369,3.319999974220991,2.969999933615327,-4,5.976174831390381,1290.348790056394,1
0.9450000021606684,3.434999853372574,69.47499806433916,20.19999949913472,3.299999882467091,20.964999715797603,16.414999606087804,10.00499976053834,10.049999583512545,71.14999805390835,143.64999637007713,98.83499819040298,18.24999938905239,2.454999979585409,0.1950000021606683,-6,2.100851535797119,8306.154344821676,1
0.7699999697506428,5.32999986410141,52.12999873235822,34.70999921485782,12.779999762773514,17.179999381303787,27.51999955624342,17.474999494850636,1.2049999833106997,82.36499762535095,139.8949971795082,80.69999772310257,12.789999708533289,3.729999923147261,0.5349999815225601,11,4.6794114112854,19477.463900621147,1
1.4450000077486038,5.9949998408555984,58.44499818235636,30.804999326355755,6.424999833106995,18.969999758526683,23.634999439120293,10.67499978095293,2.4599998965859413,69.51499853283167,147.8749977350235,81.4599983394146,18.779999759048223,4.139999814331532,0.8099999744445086,-6,2.9752988815307617,7627.142321997145,1
0.1999999918043613,2.229999938979745,60.16499868780375,28.77999936416745,8.374999765306711,18.86499946564436,32.88999926485121,21.244999303482476,1.7299999622628093,74.91999852657318,149.07999622821808,82.01999807357788,20.46999940276146,15.969999508932233,0.0299999983981251,-2,2.102299213409424,4983.342251942967,1
0.1349999904632568,0.0,12.499999706633387,14.664999623782933,6.619999775663018,39.324999143369496,4.794999876059592,15.81999958306551,11.519999934360383,91.62499766051768,170.07999601960182,88.88999731838703,15.039999544620514,3.7199999149888754,2.2649999232962728,6,3.3779635429382324,127.27922061357854,1
1.4450000077486038,5.9949998408555984,58.44499818235636,30.804999326355755,6.424999833106995,18.969999758526683,23.634999439120293,10.67499978095293,2.4599998965859413,69.51499853283167,147.8749977350235,81.4599983394146,18.779999759048223,4.139999814331532,0.8099999744445086,-1,1.322809100151062,6615.935308027128,1
1.354999952018261,2.934999890625477,52.55999870970845,21.6599995540455,6.1349998051300645,14.814999550580978,23.92999942228198,15.724999763071535,3.354999929666519,91.64999756217004,135.54999741911888,88.08999839425087,18.80499968212098,2.749999903142452,0.9299999829381704,8,0.9429454803466796,13224.862948250162,1
0.8700000010430813,2.83499988168478,28.43499935232103,44.05999930202961,6.8899997593835,20.399999354965985,18.15999935939908,14.83999965712428,1.9699999205768108,67.5449982881546,99.50999799370766,73.61999813653529,17.239999561570585,3.6249998938292265,5.804999891668558,800,0.0,0.0,1
0.9450000021606684,3.434999853372574,69.47499806433916,20.19999949913472,3.299999882467091,20.964999715797603,16.414999606087804,10.00499976053834,10.049999583512545,71.14999805390835,143.64999637007713,98.83499819040298,18.24999938905239,2.454999979585409,0.1950000021606683,-5,2.080031156539917,11531.283536536595,1
0.9450000021606684,3.434999853372574,69.47499806433916,20.19999949913472,3.299999882467091,20.964999715797603,16.414999606087804,10.00499976053834,10.049999583512545,71.14999805390835,143.64999637007713,98.83499819040298,18.24999938905239,2.454999979585409,0.1950000021606683,-3,1.854334115982056,5190.346809221904,1
0.464999983087182,0.0,33.609999388456345,25.21499954815954,10.834999799728394,29.979999544098973,5.62499984819442,16.21999946795404,1.3999999687075615,83.7399981468916,158.61499631404877,92.7449980378151,25.97499928623438,1.9949999274685977,5.234999760985375,4,4.99331521987915,9264.367220701044,1
0.464999983087182,0.0,33.609999388456345,25.21499954815954,10.834999799728394,29.979999544098973,5.62499984819442,16.21999946795404,1.3999999687075615,83.7399981468916,158.61499631404877,92.7449980378151,25.97499928623438,1.9949999274685977,5.234999760985375,16,7.552835464477539,8268.960031346141,1
1.454999971203506,0.0,56.624998464249074,19.459999420680106,5.534999786876142,19.259999653324485,8.739999869838357,17.884999565780163,1.7349999565631151,90.14499779045582,149.77499732375145,96.41499831527472,20.48499973211437,0.7349999863654375,2.034999960102141,-2,2.1006455421447754,11264.710382428835,1
0.1999999955296516,0.0,27.579999309033155,20.20999930705875,11.274999603629112,36.50999907031655,6.29999977722764,17.829999540001154,5.544999832287431,86.48999812453985,177.05999505519867,89.6649977536872,14.034999651834369,3.319999974220991,2.969999933615327,0,3.822138547897339,120.0,1
0.4099999964237213,1.389999970793724,35.58499903231859,46.0699987411499,22.419999677687883,19.284999516792595,24.469999637454748,12.939999676309526,1.66499999538064,89.35499835759401,105.85999783873558,84.45499789714813,7.10499978531152,0.7899999842047691,5.9149998454377055,51,0.0,295.4657340538831,1
0.9450000021606684,3.434999853372574,69.47499806433916,20.19999949913472,3.299999882467091,20.964999715797603,16.414999606087804,10.00499976053834,10.049999583512545,71.14999805390835,143.64999637007713,98.83499819040298,18.24999938905239,2.454999979585409,0.1950000021606683,4,10.886150360107422,9249.443226486665,1
0.4799999818205833,1.9499999284744265,42.98499861173332,15.154999777674677,3.079999908804893,25.349999661557376,7.754999768920243,13.574999453499911,8.509999888949096,80.81999841332436,147.48499682545662,100.33999712765215,16.249999698251486,1.8549999492242928,0.7199999922886491,-2,4.154416561126709,6608.176753084015,1
0.9450000021606684,3.434999853372574,69.47499806433916,20.19999949913472,3.299999882467091,20.964999715797603,16.414999606087804,10.00499976053834,10.049999583512545,71.14999805390835,143.64999637007713,98.83499819040298,18.24999938905239,2.454999979585409,0.1950000021606683,-4,1.3225327730178833,10666.888018536614,1
1.4450000077486038,5.9949998408555984,58.44499818235636,30.804999326355755,6.424999833106995,18.969999758526683,23.634999439120293,10.67499978095293,2.4599998965859413,69.51499853283167,147.8749977350235,81.4599983394146,18.779999759048223,4.139999814331532,0.8099999744445086,-10,1.886435627937317,10271.440989461997,1
1.454999971203506,0.0,56.624998464249074,19.459999420680106,5.534999786876142,19.259999653324485,8.739999869838357,17.884999565780163,1.7349999565631151,90.14499779045582,149.77499732375145,96.41499831527472,20.48499973211437,0.7349999863654375,2.034999960102141,-3,0.9274099469184875,14361.103718029472,1
0.5099999839439988,3.3499999726191163,37.83999923616648,33.469998978078365,11.209999710321426,25.674999576993287,8.35999970510602,13.214999770745637,6.264999861828983,87.38999851420522,137.2549970149994,98.37999780476092,21.394999589771032,7.4199998043477535,7.279999871738255,178,20.07625770568848,5402.082931610732,1
0.4799999818205833,1.9499999284744265,42.98499861173332,15.154999777674677,3.079999908804893,25.349999661557376,7.754999768920243,13.574999453499911,8.509999888949096,80.81999841332436,147.48499682545662,100.33999712765215,16.249999698251486,1.8549999492242928,0.7199999922886491,5,3.877218723297119,4129.225108903606,1
0.1999999918043613,2.229999938979745,60.16499868780375,28.77999936416745,8.374999765306711,18.86499946564436,32.88999926485121,21.244999303482476,1.7299999622628093,74.91999852657318,149.07999622821808,82.01999807357788,20.46999940276146,15.969999508932233,0.0299999983981251,-1,5.957824230194092,2367.7204226850768,1
1.4450000077486038,5.9949998408555984,58.44499818235636,30.804999326355755,6.424999833106995,18.969999758526683,23.634999439120293,10.67499978095293,2.4599998965859413,69.51499853283167,147.8749977350235,81.4599983394146,18.779999759048223,4.139999814331532,0.8099999744445086,-2,2.0801799297332764,7582.941381812206,1
0.1999999918043613,2.229999938979745,60.16499868780375,28.77999936416745,8.374999765306711,18.86499946564436,32.88999926485121,21.244999303482476,1.7299999622628093,74.91999852657318,149.07999622821808,82.01999807357788,20.46999940276146,15.969999508932233,0.0299999983981251,-2,1.8869572877883911,10200.39705109561,1
0.8700000010430813,2.83499988168478,28.43499935232103,44.05999930202961,6.8899997593835,20.399999354965985,18.15999935939908,14.83999965712428,1.9699999205768108,67.5449982881546,99.50999799370766,73.61999813653529,17.239999561570585,3.6249998938292265,5.804999891668558,800,0.0,0.0,1
0.4799999818205833,1.9499999284744265,42.98499861173332,15.154999777674677,3.079999908804893,25.349999661557376,7.754999768920243,13.574999453499911,8.509999888949096,80.81999841332436,147.48499682545662,100.33999712765215,16.249999698251486,1.8549999492242928,0.7199999922886491,-4,1.322320580482483,6270.861184877242,1
1.9499999731779096,0.2849999964237213,8.334999866783619,14.339999571442604,5.439999853260815,37.84499921742827,3.579999886453152,12.669999744743109,12.544999726116655,95.0249973833561,171.1149960756302,82.13999795913696,12.584999695420263,7.479999788105488,1.2099999878555536,0,0.0,134.1640786499874,1
0.1999999955296516,0.0,27.579999309033155,20.20999930705875,11.274999603629112,36.50999907031655,6.29999977722764,17.829999540001154,5.544999832287431,86.48999812453985,177.05999505519867,89.6649977536872,14.034999651834369,3.319999974220991,2.969999933615327,0,0.0,30.0,1
1.4450000077486038,5.9949998408555984,58.44499818235636,30.804999326355755,6.424999833106995,18.969999758526683,23.634999439120293,10.67499978095293,2.4599998965859413,69.51499853283167,147.8749977350235,81.4599983394146,18.779999759048223,4.139999814331532,0.8099999744445086,-2,2.080197095870972,6033.65560833563,1
1.454999971203506,0.0,56.624998464249074,19.459999420680106,5.534999786876142,19.259999653324485,8.739999869838357,17.884999565780163,1.7349999565631151,90.14499779045582,149.77499732375145,96.41499831527472,20.48499973211437,0.7349999863654375,2.034999960102141,-2,2.9743475914001465,14969.00798316308,1
0.1999999955296516,0.0,27.579999309033155,20.20999930705875,11.274999603629112,36.50999907031655,6.29999977722764,17.829999540001154,5.544999832287431,86.48999812453985,177.05999505519867,89.6649977536872,14.034999651834369,3.319999974220991,2.969999933615327,0,4.791276931762695,30.0,1
0.9450000021606684,3.434999853372574,69.47499806433916,20.19999949913472,3.299999882467091,20.964999715797603,16.414999606087804,10.00499976053834,10.049999583512545,71.14999805390835,143.64999637007713,98.83499819040298,18.24999938905239,2.454999979585409,0.1950000021606683,-6,1.854334115982056,6486.801985570393,1
0.464999983087182,0.0,33.609999388456345,25.21499954815954,10.834999799728394,29.979999544098973,5.62499984819442,16.21999946795404,1.3999999687075615,83.7399981468916,158.61499631404877,92.7449980378151,25.97499928623438,1.9949999274685977,5.234999760985375,6,4.675467014312744,5278.806683332891,1
3.4899999536573887,8.074999932199717,55.8549988232553,29.359999127686024,9.159999769181011,12.98999970406294,15.20999991055578,10.064999691210687,5.554999924264848,82.64499831199646,124.34999716281892,99.3199981721118,11.789999790489674,3.0899998992681503,2.9099999144673347,66,0.0,67.0820393249937,1
2.4599998937919736,1.6299999505281448,48.83499883115292,27.65499935299158,21.894999419339,19.079999521374702,29.53499932959676,14.55499972961843,3.269999846816063,83.30999729037285,114.55499777197838,78.964998036623,10.634999782778324,4.33499982021749,0.5499999858438969,70,0.0,0.0,1
0.9450000021606684,3.434999853372574,69.47499806433916,20.19999949913472,3.299999882467091,20.964999715797603,16.414999606087804,10.00499976053834,10.049999583512545,71.14999805390835,143.64999637007713,98.83499819040298,18.24999938905239,2.454999979585409,0.1950000021606683,-2,1.322517156600952,10359.734552583865,1
1.4450000077486038,5.9949998408555984,58.44499818235636,30.804999326355755,6.424999833106995,18.969999758526683,23.634999439120293,10.67499978095293,2.4599998965859413,69.51499853283167,147.8749977350235,81.4599983394146,18.779999759048223,4.139999814331532,0.8099999744445086,-3,0.9274099469184875,1789.9720668211555,1
0.9450000021606684,3.434999853372574,69.47499806433916,20.19999949913472,3.299999882467091,20.964999715797603,16.414999606087804,10.00499976053834,10.049999583512545,71.14999805390835,143.64999637007713,98.83499819040298,18.24999938905239,2.454999979585409,0.1950000021606683,-4,5.054784297943115,8584.247200541235,1
1.4950000094249845,0.25,70.22999874129891,26.3899998255074,4.939999893307686,18.724999403581023,19.749999311752617,10.789999786764383,6.149999955669045,78.3849988207221,149.22999614477158,84.2349982559681,21.72999945655465,4.334999909624457,0.1899999976158142,0,0.0,0.0,1
0.9450000021606684,3.434999853372574,69.47499806433916,20.19999949913472,3.299999882467091,20.964999715797603,16.414999606087804,10.00499976053834,10.049999583512545,71.14999805390835,143.64999637007713,98.83499819040298,18.24999938905239,2.454999979585409,0.1950000021606683,8,6.532112121582031,8025.883128977147,1
1.454999971203506,0.0,56.624998464249074,19.459999420680106,5.534999786876142,19.259999653324485,8.739999869838357,17.884999565780163,1.7349999565631151,90.14499779045582,149.77499732375145,96.41499831527472,20.48499973211437,0.7349999863654375,2.034999960102141,-4,2.6432816982269287,11614.688975603263,1
1.9499999731779096,0.2849999964237213,8.334999866783619,14.339999571442604,5.439999853260815,37.84499921742827,3.579999886453152,12.669999744743109,12.544999726116655,95.0249973833561,171.1149960756302,82.13999795913696,12.584999695420263,7.479999788105488,1.2099999878555536,3,3.9603328704833984,60.0,1
0.464999983087182,0.0,33.609999388456345,25.21499954815954,10.834999799728394,29.979999544098973,5.62499984819442,16.21999946795404,1.3999999687075615,83.7399981468916,158.61499631404877,92.7449980378151,25.97499928623438,1.9949999274685977,5.234999760985375,-1,1.884162425994873,6728.097799526996,1
0.4799999818205833,1.9499999284744265,42.98499861173332,15.154999777674677,3.079999908804893,25.349999661557376,7.754999768920243,13.574999453499911,8.509999888949096,80.81999841332436,147.48499682545662,100.33999712765215,16.249999698251486,1.8549999492242928,0.7199999922886491,-1,0.9428582191467284,10847.43748541562,1
1.454999971203506,0.0,56.624998464249074,19.459999420680106,5.534999786876142,19.259999653324485,8.739999869838357,17.884999565780163,1.7349999565631151,90.14499779045582,149.77499732375145,96.41499831527472,20.48499973211437,0.7349999863654375,2.034999960102141,-1,2.826514720916748,11749.472328577143,1
1.2099999831989408,1.0599999651312828,29.339999362826347,35.41999903321266,20.929999481886625,18.849999444559216,28.46999967470765,14.269999580457808,1.6849999725818634,89.54499815404415,124.12999773025513,91.05999806523324,10.634999693371356,4.929999887943268,0.7949999701231718,19,2.644672393798828,22225.485371527888,1
1.4450000077486038,5.9949998408555984,58.44499818235636,30.804999326355755,6.424999833106995,18.969999758526683,23.634999439120293,10.67499978095293,2.4599998965859413,69.51499853283167,147.8749977350235,81.4599983394146,18.779999759048223,4.139999814331532,0.8099999744445086,-1,2.1012978553771973,3308.715762950937,1
0.96499998960644,6.125,52.26499863527715,21.36999960057437,5.329999882727861,17.919999529607594,20.334999510087076,12.949999619275331,3.38999992236495,76.89999839663506,146.05999666452408,97.38499760627748,23.024999444372952,0.7849999833852053,0.7099999897181988,-3,4.195919513702393,11838.183982351347,1
0.1999999918043613,2.229999938979745,60.16499868780375,28.77999936416745,8.374999765306711,18.86499946564436,32.88999926485121,21.244999303482476,1.7299999622628093,74.91999852657318,149.07999622821808,82.01999807357788,20.46999940276146,15.969999508932233,0.0299999983981251,-2,0.9274099469184875,7481.076125799015,1
0.9450000021606684,3.434999853372574,69.47499806433916,20.19999949913472,3.299999882467091,20.964999715797603,16.414999606087804,10.00499976053834,10.049999583512545,71.14999805390835,143.64999637007713,98.83499819040298,18.24999938905239,2.454999979585409,0.1950000021606683,-2,2.826652765274048,9624.4376459095,1
0.1999999955296516,0.0,27.579999309033155,20.20999930705875,11.274999603629112,36.50999907031655,6.29999977722764,17.829999540001154,5.544999832287431,86.48999812453985,177.05999505519867,89.6649977536872,14.034999651834369,3.319999974220991,2.969999933615327,0,0.0,0.0,1
0.9450000021606684,3.434999853372574,69.47499806433916,20.19999949913472,3.299999882467091,20.964999715797603,16.414999606087804,10.00499976053834,10.049999583512545,71.14999805390835,143.64999637007713,98.83499819040298,18.24999938905239,2.454999979585409,0.1950000021606683,-1,1.8855384588241575,8686.800331537499,1
2.4599998937919736,1.6299999505281448,48.83499883115292,27.65499935299158,21.894999419339,19.079999521374702,29.53499932959676,14.55499972961843,3.269999846816063,83.30999729037285,114.55499777197838,78.964998036623,10.634999782778324,4.33499982021749,0.5499999858438969,70,1.854334115982056,0.0,1
0.9450000021606684,3.434999853372574,69.47499806433916,20.19999949913472,3.299999882467091,20.964999715797603,16.414999606087804,10.00499976053834,10.049999583512545,71.14999805390835,143.64999637007713,98.83499819040298,18.24999938905239,2.454999979585409,0.1950000021606683,-4,3.704791784286499,8160.275730635578,1
1.4950000094249845,0.25,70.22999874129891,26.3899998255074,4.939999893307686,18.724999403581023,19.749999311752617,10.789999786764383,6.149999955669045,78.3849988207221,149.22999614477158,84.2349982559681,21.72999945655465,4.334999909624457,0.1899999976158142,0,0.0,0.0,1
0.9450000021606684,3.434999853372574,69.47499806433916,20.19999949913472,3.299999882467091,20.964999715797603,16.414999606087804,10.00499976053834,10.049999583512545,71.14999805390835,143.64999637007713,98.83499819040298,18.24999938905239,2.454999979585409,0.1950000021606683,-5,0.0,4794.371700233514,1
3.4899999536573887,8.074999932199717,55.8549988232553,29.359999127686024,9.159999769181011,12.98999970406294,15.20999991055578,10.064999691210687,5.554999924264848,82.64499831199646,124.34999716281892,99.3199981721118,11.789999790489674,3.0899998992681503,2.9099999144673347,66,0.9274099469184875,30.0,1
0.1999999955296516,0.0,27.579999309033155,20.20999930705875,11.274999603629112,36.50999907031655,6.29999977722764,17.829999540001154,5.544999832287431,86.48999812453985,177.05999505519867,89.6649977536872,14.034999651834369,3.319999974220991,2.969999933615327,0,0.9274099469184875,0.0,1
2.2999998619779944,4.824999824166298,39.05499912798405,37.61999933421612,26.469999361783263,14.069999636150897,18.8449993096292,16.214999719522893,4.4449998661875725,85.86499777436256,109.76999720931052,86.74499779939651,10.59999979287386,3.694999997504056,2.629999965429306,70,0.0,577.0615218501403,1
1.4450000077486038,5.9949998408555984,58.44499818235636,30.804999326355755,6.424999833106995,18.969999758526683,23.634999439120293,10.67499978095293,2.4599998965859413,69.51499853283167,147.8749977350235,81.4599983394146,18.779999759048223,4.139999814331532,0.8099999744445086,1,1.854334115982056,8719.891054365302,1
1.4450000077486038,5.9949998408555984,58.44499818235636,30.804999326355755,6.424999833106995,18.969999758526683,23.634999439120293,10.67499978095293,2.4599998965859413,69.51499853283167,147.8749977350235,81.4599983394146,18.779999759048223,4.139999814331532,0.8099999744445086,0,2.080235481262207,9463.70434872096,1
0.7699999697506428,5.32999986410141,52.12999873235822,34.70999921485782,12.779999762773514,17.179999381303787,27.51999955624342,17.474999494850636,1.2049999833106997,82.36499762535095,139.8949971795082,80.69999772310257,12.789999708533289,3.729999923147261,0.5349999815225601,9,4.15508508682251,10126.722075775557,1
0.1999999955296516,0.0,27.579999309033155,20.20999930705875,11.274999603629112,36.50999907031655,6.29999977722764,17.829999540001154,5.544999832287431,86.48999812453985,177.05999505519867,89.6649977536872,14.034999651834369,3.319999974220991,2.969999933615327,-2,6.277338981628418,426.3801121065569,1
3.4899999536573887,8.074999932199717,55.8549988232553,29.359999127686024,9.159999769181011,12.98999970406294,15.20999991055578,10.064999691210687,5.554999924264848,82.64499831199646,124.34999716281892,99.3199981721118,11.789999790489674,3.0899998992681503,2.9099999144673347,401,28.39085578918457,2252.1989254948157,1
1.4950000094249845,0.25,70.22999874129891,26.3899998255074,4.939999893307686,18.724999403581023,19.749999311752617,10.789999786764383,6.149999955669045,78.3849988207221,149.22999614477158,84.2349982559681,21.72999945655465,4.334999909624457,0.1899999976158142,4,8.549980163574219,5397.416048443922,1
0.1999999918043613,2.229999938979745,60.16499868780375,28.77999936416745,8.374999765306711,18.86499946564436,32.88999926485121,21.244999303482476,1.7299999622628093,74.91999852657318,149.07999622821808,82.01999807357788,20.46999940276146,15.969999508932233,0.0299999983981251,1,4.155182361602783,9774.016574571582,1
1.4450000077486038,5.9949998408555984,58.44499818235636,30.804999326355755,6.424999833106995,18.969999758526683,23.634999439120293,10.67499978095293,2.4599998965859413,69.51499853283167,147.8749977350235,81.4599983394146,18.779999759048223,4.139999814331532,0.8099999744445086,-2,2.644011974334717,6724.618948312239,1
0.9450000021606684,3.434999853372574,69.47499806433916,20.19999949913472,3.299999882467091,20.964999715797603,16.414999606087804,10.00499976053834,10.049999583512545,71.14999805390835,143.64999637007713,98.83499819040298,18.24999938905239,2.454999979585409,0.1950000021606683,-2,4.655501842498779,7108.037703895499,1
1.4450000077486038,5.9949998408555984,58.44499818235636,30.804999326355755,6.424999833106995,18.969999758526683,23.634999439120293,10.67499978095293,2.4599998965859413,69.51499853283167,147.8749977350235,81.4599983394146,18.779999759048223,4.139999814331532,0.8099999744445086,-1,1.8860117197036743,5625.699956449864,1
0.9450000021606684,3.434999853372574,69.47499806433916,20.19999949913472,3.299999882467091,20.964999715797603,16.414999606087804,10.00499976053834,10.049999583512545,71.14999805390835,143.64999637007713,98.83499819040298,18.24999938905239,2.454999979585409,0.1950000021606683,-4,2.080092668533325,6608.721510246895,1
3.259999867528677,1.26999993622303,57.47999848797917,22.55999954789877,5.789999885484576,18.71999965701252,9.769999727606772,13.689999744296074,2.334999907761812,82.06999769806862,142.44999599456787,96.0099972859025,18.199999883770943,0.5999999782070518,2.6649999441578984,2,6.734515190124512,14081.732847913285,1
0.9450000021606684,3.434999853372574,69.47499806433916,20.19999949913472,3.299999882467091,20.964999715797603,16.414999606087804,10.00499976053834,10.049999583512545,71.14999805390835,143.64999637007713,98.83499819040298,18.24999938905239,2.454999979585409,0.1950000021606683,-3,3.767631053924561,5200.999903864641,1
1.4950000094249845,0.25,70.22999874129891,26.3899998255074,4.939999893307686,18.724999403581023,19.749999311752617,10.789999786764383,6.149999955669045,78.3849988207221,149.22999614477158,84.2349982559681,21.72999945655465,4.334999909624457,0.1899999976158142,0,0.0,0.0,1
0.0399999981746077,2.549999885261059,60.69999842252582,21.17499954253435,12.684999618679283,18.11499986052513,17.82999956700951,13.709999677725136,1.429999940097332,83.91999806463718,181.5199962258339,75.51999843120575,15.639999806880953,4.164999838918448,0.0,6,8.019055366516113,60.0,1
1.4950000094249845,0.25,70.22999874129891,26.3899998255074,4.939999893307686,18.724999403581023,19.749999311752617,10.789999786764383,6.149999955669045,78.3849988207221,149.22999614477158,84.2349982559681,21.72999945655465,4.334999909624457,0.1899999976158142,25,15.15107536315918,0.0,1
1.4450000077486038,5.9949998408555984,58.44499818235636,30.804999326355755,6.424999833106995,18.969999758526683,23.634999439120293,10.67499978095293,2.4599998965859413,69.51499853283167,147.8749977350235,81.4599983394146,18.779999759048223,4.139999814331532,0.8099999744445086,-5,1.8858964443206787,2710.645679538364,1
0.9450000021606684,3.434999853372574,69.47499806433916,20.19999949913472,3.299999882467091,20.964999715797603,16.414999606087804,10.00499976053834,10.049999583512545,71.14999805390835,143.64999637007713,98.83499819040298,18.24999938905239,2.454999979585409,0.1950000021606683,0,1.8855587244033811,9609.04261620272,1
1.4450000077486038,5.9949998408555984,58.44499818235636,30.804999326355755,6.424999833106995,18.969999758526683,23.634999439120293,10.67499978095293,2.4599998965859413,69.51499853283167,147.8749977350235,81.4599983394146,18.779999759048223,4.139999814331532,0.8099999744445086,3,2.975900888442993,11057.26910226933,1
2.4599998937919736,1.6299999505281448,48.83499883115292,27.65499935299158,21.894999419339,19.079999521374702,29.53499932959676,14.55499972961843,3.269999846816063,83.30999729037285,114.55499777197838,78.964998036623,10.634999782778324,4.33499982021749,0.5499999858438969,35,2.080228090286255,5124.031615827522,1
3.564999796450138,11.414999866858125,41.374998703598976,39.98499927669764,4.784999907016754,21.05499951913953,18.394999584183097,11.829999767243862,4.074999880976975,70.9849983714521,136.5349966287613,84.22499760240316,18.46499966178089,11.694999769330025,7.079999742098153,174,30.21444320678711,8270.918933226223,1
1.4450000077486038,5.9949998408555984,58.44499818235636,30.804999326355755,6.424999833106995,18.969999758526683,23.634999439120293,10.67499978095293,2.4599998965859413,69.51499853283167,147.8749977350235,81.4599983394146,18.779999759048223,4.139999814331532,0.8099999744445086,2,3.3802244663238525,10640.48871058092,1
1.4450000077486038,5.9949998408555984,58.44499818235636,30.804999326355755,6.424999833106995,18.969999758526683,23.634999439120293,10.67499978095293,2.4599998965859413,69.51499853283167,147.8749977350235,81.4599983394146,18.779999759048223,4.139999814331532,0.8099999744445086,-1,0.9274099469184875,9482.32566409739,1
0.8700000010430813,2.83499988168478,28.43499935232103,44.05999930202961,6.8899997593835,20.399999354965985,18.15999935939908,14.83999965712428,1.9699999205768108,67.5449982881546,99.50999799370766,73.61999813653529,17.239999561570585,3.6249998938292265,5.804999891668558,800,0.0,0.0,1
0.9450000021606684,3.434999853372574,69.47499806433916,20.19999949913472,3.299999882467091,20.964999715797603,16.414999606087804,10.00499976053834,10.049999583512545,71.14999805390835,143.64999637007713,98.83499819040298,18.24999938905239,2.454999979585409,0.1950000021606683,-1,9.380057334899902,11249.319979447648,1
1.4450000077486038,5.9949998408555984,58.44499818235636,30.804999326355755,6.424999833106995,18.969999758526683,23.634999439120293,10.67499978095293,2.4599998965859413,69.51499853283167,147.8749977350235,81.4599983394146,18.779999759048223,4.139999814331532,0.8099999744445086,-2,1.3227975368499756,7862.060798543852,1
1.4450000077486038,5.9949998408555984,58.44499818235636,30.804999326355755,6.424999833106995,18.969999758526683,23.634999439120293,10.67499978095293,2.4599998965859413,69.51499853283167,147.8749977350235,81.4599983394146,18.779999759048223,4.139999814331532,0.8099999744445086,0,5.055532455444336,4204.818664342138,1
0.4799999818205833,1.9499999284744265,42.98499861173332,15.154999777674677,3.079999908804893,25.349999661557376,7.754999768920243,13.574999453499911,8.509999888949096,80.81999841332436,147.48499682545662,100.33999712765215,16.249999698251486,1.8549999492242928,0.7199999922886491,-3,4.7036614418029785,6334.548129109132,1
2.7699998561292887,5.034999876283109,36.27999928593636,41.85499883629382,18.5799994841218,18.73499954212457,35.92999917268753,19.49999949336052,2.7399999126791954,86.74499855935574,131.47499710321426,80.69499787688255,12.1949996445328,23.019999233074486,0.609999974258244,-2,1.854334115982056,10458.647140046363,1
0.4799999818205833,1.9499999284744265,42.98499861173332,15.154999777674677,3.079999908804893,25.349999661557376,7.754999768920243,13.574999453499911,8.509999888949096,80.81999841332436,147.48499682545662,100.33999712765215,16.249999698251486,1.8549999492242928,0.7199999922886491,0,3.822221279144287,6538.41723966894,1
0.9450000021606684,3.434999853372574,69.47499806433916,20.19999949913472,3.299999882467091,20.964999715797603,16.414999606087804,10.00499976053834,10.049999583512545,71.14999805390835,143.64999637007713,98.83499819040298,18.24999938905239,2.454999979585409,0.1950000021606683,-4,1.854334115982056,6254.118642942425,1
1.4450000077486038,5.9949998408555984,58.44499818235636,30.804999326355755,6.424999833106995,18.969999758526683,23.634999439120293,10.67499978095293,2.4599998965859413,69.51499853283167,147.8749977350235,81.4599983394146,18.779999759048223,4.139999814331532,0.8099999744445086,-4,0.0,5165.578380007412,1
1.4450000077486038,5.9949998408555984,58.44499818235636,30.804999326355755,6.424999833106995,18.969999758526683,23.634999439120293,10.67499978095293,2.4599998965859413,69.51499853283167,147.8749977350235,81.4599983394146,18.779999759048223,4.139999814331532,0.8099999744445086,-2,2.9355249404907227,7347.305628596105,1
0.464999983087182,0.0,33.609999388456345,25.21499954815954,10.834999799728394,29.979999544098973,5.62499984819442,16.21999946795404,1.3999999687075615,83.7399981468916,158.61499631404877,92.7449980378151,25.97499928623438,1.9949999274685977,5.234999760985375,9,2.7802884578704834,6639.156572939066,1
1.454999971203506,0.0,56.624998464249074,19.459999420680106,5.534999786876142,19.259999653324485,8.739999869838357,17.884999565780163,1.7349999565631151,90.14499779045582,149.77499732375145,96.41499831527472,20.48499973211437,0.7349999863654375,2.034999960102141,1,11.130352020263672,13378.318279963292,1
0.9450000021606684,3.434999853372574,69.47499806433916,20.19999949913472,3.299999882467091,20.964999715797603,16.414999606087804,10.00499976053834,10.049999583512545,71.14999805390835,143.64999637007713,98.83499819040298,18.24999938905239,2.454999979585409,0.1950000021606683,0,1.854334115982056,9952.813672524971,1
0.464999983087182,0.0,33.609999388456345,25.21499954815954,10.834999799728394,29.979999544098973,5.62499984819442,16.21999946795404,1.3999999687075615,83.7399981468916,158.61499631404877,92.7449980378151,25.97499928623438,1.9949999274685977,5.234999760985375,1,2.9351720809936523,7048.723288653059,1
5.914999812841415,3.7049999833107,15.599999703466892,77.54999861586839,48.0849987231195,15.819999539293349,19.829999450594187,12.214999719522892,1.559999942779541,93.08499698340891,85.58499828726053,55.90499835833907,3.324999962002039,0.1049999967217445,2.459999917075038,50,3.882424831390381,18593.127762697703,1
0.9450000021606684,3.434999853372574,69.47499806433916,20.19999949913472,3.299999882467091,20.964999715797603,16.414999606087804,10.00499976053834,10.049999583512545,71.14999805390835,143.64999637007713,98.83499819040298,18.24999938905239,2.454999979585409,0.1950000021606683,-3,2.0800609588623047,8366.719787347967,1
1.4450000077486038,5.9949998408555984,58.44499818235636,30.804999326355755,6.424999833106995,18.969999758526683,23.634999439120293,10.67499978095293,2.4599998965859413,69.51499853283167,147.8749977350235,81.4599983394146,18.779999759048223,4.139999814331532,0.8099999744445086,-1,2.101454734802246,4009.351568520775,1
1.4950000094249845,0.25,70.22999874129891,26.3899998255074,4.939999893307686,18.724999403581023,19.749999311752617,10.789999786764383,6.149999955669045,78.3849988207221,149.22999614477158,84.2349982559681,21.72999945655465,4.334999909624457,0.1899999976158142,0,0.0,0.0,1
0.4099999964237213,1.389999970793724,35.58499903231859,46.0699987411499,22.419999677687883,19.284999516792595,24.469999637454748,12.939999676309526,1.66499999538064,89.35499835759401,105.85999783873558,84.45499789714813,7.10499978531152,0.7899999842047691,5.9149998454377055,51,0.0,0.0,1
0.4799999818205833,1.9499999284744265,42.98499861173332,15.154999777674677,3.079999908804893,25.349999661557376,7.754999768920243,13.574999453499911,8.509999888949096,80.81999841332436,147.48499682545662,100.33999712765215,16.249999698251486,1.8549999492242928,0.7199999922886491,-4,1.8850606679916384,6552.098900352466,1
0.9450000021606684,3.434999853372574,69.47499806433916,20.19999949913472,3.299999882467091,20.964999715797603,16.414999606087804,10.00499976053834,10.049999583512545,71.14999805390835,143.64999637007713,98.83499819040298,18.24999938905239,2.454999979585409,0.1950000021606683,-1,2.0800397396087646,7392.550304191376,1
0.1999999955296516,0.0,27.579999309033155,20.20999930705875,11.274999603629112,36.50999907031655,6.29999977722764,17.829999540001154,5.544999832287431,86.48999812453985,177.05999505519867,89.6649977536872,14.034999651834369,3.319999974220991,2.969999933615327,1,2.9351956844329834,30.0,1
3.4899999536573887,8.074999932199717,55.8549988232553,29.359999127686024,9.159999769181011,12.98999970406294,15.20999991055578,10.064999691210687,5.554999924264848,82.64499831199646,124.34999716281892,99.3199981721118,11.789999790489674,3.0899998992681503,2.9099999144673347,66,0.0,30.0,1
1.4450000077486038,5.9949998408555984,58.44499818235636,30.804999326355755,6.424999833106995,18.969999758526683,23.634999439120293,10.67499978095293,2.4599998965859413,69.51499853283167,147.8749977350235,81.4599983394146,18.779999759048223,4.139999814331532,0.8099999744445086,-2,0.9274099469184875,3835.896244686501,1
1.4450000077486038,5.9949998408555984,58.44499818235636,30.804999326355755,6.424999833106995,18.969999758526683,23.634999439120293,10.67499978095293,2.4599998965859413,69.51499853283167,147.8749977350235,81.4599983394146,18.779999759048223,4.139999814331532,0.8099999744445086,0,6.8272199630737305,10481.340563115004,1
